,dice,sens
0,0.2931814302782045,0.9999636165181007
1,0.437300522688376,0.9999788453808889
2,0.0,0.0
3,0.06197054212449283,0.9997828918801563
4,0.0,0.0
5,0.0,0.0
6,0.0,0.0
7,0.0,0.0
8,0.0,0.0
9,0.0,0.0
10,0.25460485115339176,0.6183711230281933
11,0.0234486422998406,0.8564862104187947
12,0.5072361651112924,0.9787741847135004
13,0.0,0.0
14,0.0,0.0
15,0.09640730581387569,0.7840043525571273
16,0.2505802052454662,0.9761053922875886
17,0.3114535269987749,0.7148573027420257
18,0.0,0.0
19,0.1568632177812063,0.9126867241742057
20,0.0,0.0
21,0.17078169658649986,0.99993424513414
22,0.24014413752271288,0.9990232716154238
23,0.0,0.0
24,0.0,0.0
25,0.0,0.0
26,0.01502419361555054,0.9740820734341252
27,0.314618173152277,0.601865652013817
28,0.0,0.0
29,0.0,0.0
30,0.0,0.0
31,0.0,0.0
32,0.0,0.0
33,0.2793320212082262,0.9550245476705462
34,0.08134742206235011,0.9141052631578948
35,0.0,0.0
36,0.21311078728175126,0.9999495382752183
37,0.25592265241638396,0.930669302456933
38,0.0,0.0
39,0.28129179972284146,0.9356286825123251
40,0.16164510483511205,0.9137730358874879
41,0.0,0.0
42,0.03704091826825673,0.9996229260935143
43,0.0,0.0
44,0.0,0.0
45,0.2257787856322591,0.9416757608827453
46,0.37944559749533896,0.5664509183526106
47,0.607963590901323,0.9834572463662685
48,0.3561632888632378,0.6362641371762131
49,0.2938403760666292,0.8809697062540691
50,0.17740673431268617,0.9383218743742073
51,0.5599330711311555,0.9253555820421137
52,0.0,0.0
53,0.5602407434509,0.9828463229512668
54,0.1163468560755395,0.28842887813631557
55,0.6962331813887793,0.9271459279886658
56,0.0,0.0
57,0.0,0.0
58,0.3956472450259314,0.8149902982717386
59,0.0,0.0
60,0.0,0.0
61,0.0,0.0
62,0.0,0.0
63,0.0,0.0
64,0.0,0.0
65,0.07516633698975005,0.7014807502467917
66,0.0,0.0
67,0.32064674629489076,0.8752317086468215
68,0.3533668717098736,0.9971344817364381
69,0.369053520791608,0.9661527280278254
70,0.4711537506579666,0.8214576370971931
71,0.5062983662940671,0.9433841347405524
72,0.0,0.0
73,0.0,0.0
74,0.3556860421268114,0.9501511008778242
75,0.0,0.0
76,0.0,0.0
77,0.0,0.0
78,0.0,0.0
79,0.0,0.0
80,0.257086129391456,0.8455605937294113
81,0.0,0.0
82,0.5787257414866349,0.9815179825035101
83,0.22620466746137785,0.9680224596001096
84,0.0,0.0
85,0.13474010824934676,0.9956042061713498
86,0.0,0.0
87,0.03858082202164013,0.8417861080485116
88,0.0,0.0
89,0.12915721252084092,0.999902950310559
90,0.4368405801232263,0.6267071940680969
91,0.0,0.0
92,0.0,0.0
93,0.0,0.0
94,0.0,0.0
95,0.0,0.0
96,0.0,0.0
97,0.0,0.0
98,0.10566585248742197,0.9999012248123271
99,0.32434482835562795,0.8530516431924883
100,0.0,0.0
101,0.0,0.0
102,0.0,0.0
103,0.45976704533782536,0.8193816471105091
104,0.0,0.0
105,0.0,0.0
106,0.0,0.0
107,0.0,0.0
108,0.24393347028029952,0.7456047962407842
109,0.0,0.0
110,0.27784045688697645,0.8785884175009679
111,0.0,0.0
112,0.0,0.0
113,0.20157258565503694,0.9924264491698224
114,0.0,0.0
115,0.0,0.0
116,0.0,0.0
117,0.0,0.0
118,0.033190948328742066,0.1339936965330932
119,0.43412238643091816,0.8841443230718306
120,0.0,0.0
121,0.0,0.0
122,0.0,0.0
123,0.0,0.0
124,0.2317961751766339,0.930726566833056
125,0.0,0.0
126,0.47735655425383827,0.9235124137524326
127,0.0,0.0
128,0.0,0.0
129,0.0,0.0
130,0.05015191411788535,0.15538123627235645
131,0.038614144884852944,0.23171330387825234
132,0.0,0.0
133,0.0,0.0
134,0.0,0.0
135,0.0,0.0
136,0.1191942981096994,0.9973034640116158
137,0.0,0.0
138,0.03192773778115637,0.21982758620689655
139,0.0,0.0
140,0.0,0.0
141,0.2710187162025277,0.5493745261561789
142,0.5969525360954657,0.942369509576778
143,0.12011060244420968,0.9998914223669924
144,0.0,0.0
145,0.3552863991925309,0.8591768933487016
146,0.30115642487794136,0.8116814014407334
147,0.4263774548639645,0.9866769910496709
148,0.315785859788057,0.9633094780939082
149,0.056846639936678475,0.9831687612208259
150,0.0,0.0
151,0.0577596971039594,0.9997211377579476
152,0.005795778665145465,0.022095922983239577
153,0.042905061495586004,0.4140096618357488
154,0.0,0.0
155,0.0,0.0
156,0.10993021857388581,0.9998728059018062
157,0.060892212780817134,0.9997611084567606
158,0.1389534162041388,0.9999149298170991
159,0.0,0.0
160,0.06503877222568746,0.9997632575757576
161,0.10137222207036055,0.9998651927743327
162,0.0,0.0
163,0.444608342914163,0.9710982658959537
164,0.0,0.0
165,0.0,0.0
166,0.0,0.0
167,0.0012541075992570604,0.023221634332745444
168,0.0,0.0
169,0.1423680377074886,0.6893081761006289
170,0.06958496799504439,0.17899009825865927
171,0.0,0.0
172,0.0,0.0
173,0.08271041509911607,0.999829989799388
174,0.5208886035555471,0.9714748556134667
175,0.0,0.0
176,0.0,0.0
177,0.13925193596767776,0.9663338997451147
178,0.0,0.0
179,0.5548002267629588,0.9635781434613606
180,0.0,0.0
181,0.2411841683349366,0.9989231873653984
182,0.17694661554343016,0.6425033467202141
183,5.9175682739439604e-05,0.0007429420505200594
184,0.19498839035258433,0.8883996820155323
185,0.26720538356553114,0.9999662868316365
186,0.0,0.0
187,0.0,0.0
188,0.0,0.0
189,0.09861208544821799,0.8473995271867613
190,0.21340758104636046,0.9036452689523644
191,0.0,0.0
192,0.0,0.0
193,0.0,0.0
194,0.0,0.0
195,0.0,0.0
196,0.17798532884423307,0.9965187763869343
197,0.2383852588693917,0.9999566254608545
198,0.4522752257981074,0.986065419682301
199,0.14014199129812474,0.9633434915106661
200,0.0,0.0
201,0.15891665691209178,0.7584497206703911
202,0.19331157665719198,0.9652368937482478
203,0.20601249269208283,0.9874343696537078
204,0.12537122691858057,0.9998841788278897
205,0.09450413088201678,0.3261580074382959
206,0.0,0.0
207,0.0,0.0
208,0.0,0.0
209,0.06641578578096823,0.9998254189944135
210,0.0,0.0
211,0.0,0.0
212,0.0,0.0
213,0.0,0.0
214,0.0,0.0
215,0.34635036496350363,0.9879968154816584
216,0.4302910850124611,0.9565122931527682
217,0.22395124548843265,0.9999559684734269
218,0.0,0.0
219,0.0,0.0
220,0.14501330874808546,0.9581450186677147
221,0.29101780719530895,0.9629289684360818
222,0.28337785592714076,0.9529964747356052
223,0.0,0.0
224,0.0,0.0
225,0.0,0.0
226,0.19570850630635395,0.9999324506890029
227,0.0,0.0
228,0.2350075535111096,0.775369623655914
229,0.5163138577098716,0.9939815955960891
230,0.0,0.0
231,0.0,0.0
232,0.4305348300082691,0.8623400852878464
233,0.0,0.0
234,0.0,0.0
235,0.0,0.0
236,0.0,0.0
237,0.0,0.0
238,0.0,0.0
239,0.0,0.0
240,0.15401833473230303,0.8703497023809523
241,0.7396553892592127,0.9587177077539748
242,0.0,0.0
243,0.0,0.0
244,0.5004899920795801,0.8783119473543686
245,0.0,0.0
246,0.0,0.0
247,0.24247196474057475,0.9903729925746848
248,0.0,0.0
249,0.3071956535472866,0.9168143595158188
250,0.22773644293501377,0.9229341253845338
251,0.3321174729557913,0.9571407118185914
252,0.0,0.0
253,0.23802150157058796,0.8143054834803667
254,0.0,0.0
255,0.3046505659946965,0.9905436475561818
256,0.0,0.0
257,0.3236725438238891,0.9882915823868057
258,0.11239965855887704,0.6363991407928139
259,0.31689551859576315,0.9962391000465952
260,0.0,0.0
261,0.0,0.0
262,0.10178374884257237,0.9779543419874664
263,0.3379947828059431,0.9691697290968811
264,0.1772134846596841,0.5878234965555762
265,0.0,0.0
266,0.0,0.0
267,0.3367901178629482,0.9999663673359567
268,0.0,0.0
269,0.11902814823872886,0.4379393734885552
270,0.0,0.0
271,0.0,0.0
272,0.10364361144135953,0.99986506544326
273,0.056691108400805254,0.9774512287813529
274,0.023153727604063954,0.9993694829760403
275,0.0,0.0
276,0.12059739533553097,0.9998921832884097
277,0.03185551000993299,0.9995610184372257
278,0.07225599265970868,0.9998132935026139
279,0.21846429973638454,0.9999486547545697
280,0.1280554127546741,0.9895458727105462
281,0.0747485220153534,0.9998524638536441
282,0.0,0.0
283,0.0,0.0
284,0.0,0.0
285,0.0,0.0
286,0.0,0.0
287,0.06277956933319463,0.999723909442297
288,0.0,0.0
289,0.0,0.0
290,0.0,0.0
291,0.26776115066104894,0.9939328569502495
292,0.15822047639710415,0.8966543713194849
293,0.1555611964293269,0.9813183880437684
294,0.18676253280695176,0.999940957666647
295,0.0,0.0
296,0.14649432967136927,0.9999192832351279
297,0.14408062313116024,0.9999359508102222
298,0.0,0.0
299,0.0,0.0
300,0.0,0.0
301,0.12917303995172674,0.9835452505609573
302,0.07650714590204392,0.9998045347928068
303,0.046941198693903986,0.9997126436781609
304,0.15706720360540052,0.9999196335288918
305,0.0,0.0
306,0.12694740432599974,0.954079358002675
307,0.21077869647233044,0.9720852078703452
308,0.2429461051842056,0.9998375370618577
309,0.3264157014157014,0.7738594689746223
310,0.0,0.0
311,0.11297478005190142,0.9998981462619678
312,0.0,0.0
313,0.0,0.0
314,0.4527740865972871,0.9494390288762184
315,0.1916192296756943,0.9786813322622505
316,0.39713767842307984,0.971816669746812
317,0.0,0.0
318,0.0,0.0
319,0.0,0.0
320,0.026376395950115154,0.9994511525795828
321,0.0,0.0
322,0.16982141566047285,0.9606543967280163
323,0.0,0.0
324,0.07337389028401656,0.9997590361445783
325,0.020380407202159837,0.11336946702800361
326,0.38465960105081637,0.9866452210362139
327,0.0,0.0
328,0.0,0.0
329,0.0,0.0
330,0.09930446936670105,0.9998659697091543
331,0.2847135955831608,0.9999596024884867
332,0.07786648271944328,0.9997395154988278
333,0.15991294211769158,0.9999462076385154
334,0.10407629944994352,0.9980771695936418
335,0.0,0.0
336,0.13393505266185474,0.4778635652853792
337,0.21205074965121076,0.5333794648741268
338,0.09674814767905769,0.5068845388188454
339,0.0,0.0
340,0.0,0.0
341,0.28302304751081103,0.9999659713478749
342,0.15614221933827524,0.9839111111111111
343,0.0,0.0
344,0.0,0.0
345,0.0,0.0
346,0.10543580663102575,0.9998923573735199
347,0.24179095626389918,0.9242417373169516
348,0.0,0.0
349,0.0,0.0
350,0.0,0.0
351,0.0,0.0
352,0.0,0.0
353,0.0,0.0
354,0.027892686108584083,0.3946090335114133
355,0.24461142748031584,0.9999540842095597
356,0.0,0.0
357,0.03974324255088672,0.9996318114874816
358,0.0,0.0
359,0.09863953876054093,0.9998351467194198
360,0.0,0.0
361,0.0,0.0
362,0.0,0.0
363,0.05466358108982191,0.9997371188222923
364,0.0,0.0
365,0.07379464811976895,0.9998121007140173
366,0.0,0.0
367,0.0,0.0
368,0.0,0.0
369,0.09985435335357574,0.5542994176087701
370,0.0,0.0
371,0.1622823116766589,0.999937174090595
372,0.12453215379380742,0.9517205512698275
373,0.0,0.0
374,0.42781356919269126,0.9942268651666385
375,0.04572809371965161,0.987450462351387
376,0.008735321795343889,0.04995320542817033
377,0.24459907059521455,0.9430123409729833
378,0.11401590890686998,0.713216957605985
379,0.18355720553493082,0.9999264597734961
380,0.030403566977372867,0.6608164822586798
381,0.05718482977977843,0.43019365304674034
382,0.0,0.0
383,0.0,0.0
384,0.0,0.0
385,0.07868120135981795,0.969702216066482
386,0.0,0.0
387,0.0,0.0
388,0.0,0.0
389,0.0,0.0
390,0.1550644542605302,0.9084644898598387
391,0.0,0.0
392,0.0,0.0
393,0.031290899863778414,0.9995733788395904
394,0.21170322571331646,0.9777970396052807
395,0.06524300994558078,0.9906542056074766
396,0.0,0.0
397,0.19055599159966907,0.9764661122887114
398,0.1347331297859487,0.9999192180305356
399,0.0,0.0
400,0.0,0.0
401,0.11611866643713778,0.9512974802557352
402,0.07700466364075928,0.9997974888618874
403,0.08117685841437283,0.978347238776321
404,0.0,0.0
405,0.006366458087484257,0.11521895190236899
406,0.12163503815278133,0.9999067251189254
407,0.11828776821696983,0.9997698504027618
408,0.1449645225528295,0.8381399508160071
409,0.0,0.0
410,0.1748829613500272,0.999937749003984
411,0.0,0.0
412,0.10361388746783541,0.9998526377836723
413,0.2480181124817172,0.7837575450593052
414,0.20846961611292822,0.7565991565575051
415,0.22261158658490016,0.9999495484587054
416,0.10888963332927275,0.9923674715514849
417,0.23639297670945833,0.9999592468823865
418,0.15740901320516315,0.9999213094113943
419,0.23114225927525162,0.9999521026918288
420,0.18084703959811768,0.9999163389943947
421,0.0,0.0
422,0.1753893237448127,0.944327659863023
423,0.18665884030019705,0.8303388249922288
424,0.0,0.0
425,0.2075483468496569,0.9999499073285578
426,0.308765169012467,0.9999173519566924
427,0.1679426353245633,0.9751134762873689
428,0.0,0.0
429,0.13459426699230118,0.8095134979067418
430,0.3066378538842687,0.7229498494712194
431,0.0,0.0
432,0.4817661519007648,0.9865885945078942
433,0.2802827689255534,0.8894290154201697
434,0.11935208866155157,0.847423711855928
435,0.0,0.0
436,0.3102385519819804,0.9361029028333043
437,0.0,0.0
438,0.5489221816331641,0.9815201785435058
439,0.0,0.0
440,0.0,0.0
441,0.0,0.0
442,0.0,0.0
443,0.09178222199670912,0.7645211930926217
444,0.0,0.0
445,0.20322785580081373,0.9947072444591465
446,0.0,0.0
447,0.0,0.0
448,0.0,0.0
449,0.1112959229819949,0.5868563576105408
450,0.0,0.0
451,0.17642851042022548,0.24326154480281462
452,0.18317834423757662,0.7407232951274402
453,0.3133358372884443,0.9999636773092151
454,0.0,0.0
455,0.06176019722806075,0.6295103092783505
456,0.0,0.0
457,0.21437181939582056,0.7757692910506243
458,0.0,0.0
459,0.38999485624856356,0.7920649033118471
460,0.062153808219660614,0.9461126005361931
461,0.3312158353812784,0.4350132625994695
462,0.0,0.0
463,0.0,0.0
464,0.0,0.0
465,0.586860306937712,0.9204611020290413
466,0.28681756512023376,0.5277068696771862
467,0.27360662762462507,0.5738251012533852
468,0.0,0.0
469,0.0,0.0
470,0.0,0.0
471,0.25378507978932474,0.7897517857725301
472,0.0,0.0
473,0.3807628013373218,0.7221190947961206
474,0.0,0.0
475,0.0,0.0
476,0.11201835881111892,0.909375
477,0.3347121737232417,0.7029988594941521
478,0.0,0.0
479,0.0,0.0
480,0.5216281526890044,0.8261510678131783
481,0.0,0.0
482,0.03163889474794347,0.4665898617511521
483,0.16069342420944055,0.9999290780141844
484,0.03318749232208499,0.23832790445168295
485,0.0,0.0
486,0.05069232999855009,0.9996426018584703
487,0.11342313594104249,0.9995320980722441
488,0.0,0.0
489,0.08126826788664379,0.8169913765570105
490,0.0,0.0
491,0.36063893572208244,0.8335188913893166
492,0.15021158616664235,0.9984481086323957
493,0.16783795491132905,0.9975407316323394
494,0.0,0.0
495,0.02750668899539951,0.40050448430493274
496,0.10797158422799413,0.9998711340206186
497,0.22613535045586586,0.9998092573753815
498,0.0680289262524653,0.771761340416837
499,0.6895884542850367,0.9323514143501318
500,0.2402231295771738,0.9982377660295513
501,0.0,0.0
502,0.0,0.0
503,0.1830950563184371,0.2531779201434583
504,0.12519119051551425,0.8562027305765642
505,0.0,0.0
506,0.19727455345024159,0.9999449611976443
507,0.0,0.0
508,0.2043819795949225,0.6102154004901329
509,0.3835803083977786,0.9006287920573635
510,0.2686304815589296,0.6760013422409322
511,0.27095595151710605,0.8861349154032081
512,0.0,0.0
513,0.0,0.0
514,0.0,0.0
515,0.0,0.0
516,0.17364897920221462,0.9603405041573182
517,0.0,0.0
518,0.0,0.0
519,0.46091361923140306,0.9285653086578417
520,0.0,0.0
521,0.0,0.0
522,0.1813428956705815,0.43547161619450775
523,0.0,0.0
524,0.0,0.0
525,0.42895053718187026,0.8489784585483237
526,0.0,0.0
527,0.05338730998017185,0.33621227887617067
528,0.0,0.0
529,0.06556270834176822,0.29380102812216513
530,0.5556613172970857,0.9834369833897505
531,0.4159576479485725,0.8524349457541398
532,0.0,0.0
533,0.28398924122310304,0.8763323431766556
534,0.0,0.0
535,0.0,0.0
536,0.0,0.0
537,0.0,0.0
538,0.0,0.0
539,0.3504629808568321,0.9850088457121574
540,0.0,0.0
541,0.0,0.0
542,0.08451787198669991,0.417299404884055
543,0.3825699995684219,0.9999749316888521
544,0.0,0.0
545,0.0,0.0
546,0.4494846918222103,0.9620614704772854
547,0.04895244006270241,0.8793596340766152
548,0.22058857606302862,0.7717157796603299
549,0.0,0.0
550,0.0,0.0
551,0.3413322760481387,0.9461227115554721
552,0.015058206523898447,0.22189695550351288
553,0.10124017043683098,0.9853337828725557
554,0.0,0.0
555,0.504299145650397,0.9443674858481692
556,0.034446691304651,0.2854391371340524
557,0.32320406439014565,0.8545728910850076
558,0.0,0.0
559,0.0,0.0
560,0.08471017800091282,0.9882854100106496
561,0.0,0.0
562,0.2830249556358041,0.7424878731646971
563,0.0,0.0
564,0.17946864384551905,0.6507840772014475
565,0.33759713791384416,0.9553224682178777
566,0.23418879663304284,0.8624799932608879
567,0.0,0.0
568,0.05968424741213573,0.3338631065903793
569,0.0,0.0
570,0.0,0.0
571,0.12396779388083735,0.9998960931005819
572,0.5382542110271369,0.9811293339871774
573,0.6398824024906888,0.9815556118571067
574,0.39796346211440553,0.9643800621244231
575,0.0,0.0
576,0.19659101707947094,0.9803549887988972
577,0.0,0.0
578,0.005209684148803013,0.01647411210954215
579,0.0,0.0
580,0.1231920558393898,0.800498753117207
581,0.29562657929081165,0.6693323274236137
582,0.0,0.0
583,0.4779911644196214,0.966437113554741
584,0.431118768170561,0.9951037653784018
585,0.0,0.0
586,0.0,0.0
587,0.4840684767801553,0.8469282395456892
588,0.2010052224447324,0.964030131826742
589,0.16123421233283267,0.9410736880159065
590,0.0,0.0
591,0.0,0.0
592,0.0,0.0
593,0.0,0.0
594,0.2621653169913183,0.967511779223693
595,0.0,0.0
596,0.08567388377547651,0.9827117327117327
597,0.27685325264750377,0.6684376556533289
598,0.0,0.0
599,0.2567624747806143,0.7834661876426781
600,0.2019310070244291,0.7046593559271572
601,0.0,0.0
602,0.0,0.0
603,0.10006918553253642,0.9998079877112135
604,0.22326330898399774,0.39397762796128205
605,0.01500722063931931,0.08733674048835889
606,0.4538076977553022,0.6355368136469828
607,0.0,0.0
608,0.0,0.0
609,0.0,0.0
610,0.0008057043870603875,0.003415689399977229
611,0.4918294376643716,0.9805007363770251
612,0.3541774162430399,0.977076370837975
613,0.2058416418990606,0.8473419332446347
614,0.4660477114080083,0.8286824691012219
615,0.0,0.0
616,0.246471004383558,0.7762692099454417
617,0.0,0.0
618,0.053015673981191225,0.875
619,0.0,0.0
620,0.07610365798546102,0.9996607869742198
621,0.2552299427872647,0.9723793677204658
622,0.0,0.0
623,0.20648434925864909,0.7747885861233371
624,0.218193881661572,0.7420121680970224
625,0.0,0.0
626,0.42838827838827837,0.975081954787486
627,0.0,0.0
628,0.14972818439022945,0.9573782913430574
629,0.0,0.0
630,0.5525808383724842,0.9606184655322426
631,0.0,0.0
632,0.0,0.0
633,0.30124483369415467,0.9465100100486975
634,0.18187565858798735,0.8183488413441593
635,0.3143283582089552,0.835920177383592
636,0.0,0.0
637,0.1912470096783203,0.9731817339183093
638,0.19470026727758685,0.9761600898463423
639,0.3714692785502353,0.969610682900486
640,0.0,0.0
641,0.0,0.0
642,0.0,0.0
643,0.0,0.0
644,0.2487486033519553,0.9969549057364202
645,0.0,0.0
646,0.2718879435228826,0.9819461331564792
647,0.11933178123595964,0.8264313193030097
648,0.07085201793721974,0.9462038164839627
649,0.10105620410193393,0.8643643643643644
650,0.08154487792162655,0.6964749536178108
651,0.0,0.0
652,0.0,0.0
653,0.0,0.0
654,0.10769195439253194,0.969105187022112
655,0.0,0.0
656,0.0,0.0
657,0.23659455649533723,0.8956334342449587
658,0.0,0.0
659,0.40145648722247357,0.5814213406644229
660,0.0,0.0
661,0.0,0.0
662,0.0,0.0
663,0.0,0.0
664,0.40196108224187355,0.8892125666651728
665,0.0,0.0
666,0.3215628716754814,0.9999685227737731
667,0.19167793300285413,0.9579579579579579
668,0.0,0.0
669,0.0,0.0
670,0.1376765563111875,0.7252952755905512
671,0.0,0.0
672,0.0,0.0
673,0.5258753696481379,0.9922971169786907
674,0.0,0.0
675,0.0,0.0
676,0.0,0.0
677,0.41559446254071664,0.9523528131123068
678,0.0,0.0
679,0.0,0.0
680,0.424837909577477,0.9950467804072647
681,0.0,0.0
682,0.0,0.0
683,0.2590114488413093,0.9115419116914183
684,0.40110514198004604,0.999897964389572
685,0.0,0.0
686,0.0,0.0
687,0.0,0.0
688,0.0,0.0
689,0.0,0.0
690,0.0,0.0
691,0.0,0.0
692,0.14784488484716737,0.9998366546880104
693,0.0,0.0
694,0.0,0.0
695,0.0,0.0
696,0.3399382521339336,0.9986801830894948
697,0.10873986919923648,0.8804155054471751
698,0.0,0.0
699,0.0,0.0
700,0.0,0.0
701,0.0,0.0
702,0.0,0.0
703,0.12383846687735423,0.9998911860718172
704,0.0,0.0
705,0.0,0.0
706,0.06573906829955738,0.999798752264037
707,0.3257327728162111,0.7281099338895465
708,0.0,0.0
709,0.4255429068629228,0.9962654104865576
710,0.0,0.0
711,0.0,0.0
712,0.08821053086073272,0.999836867862969
713,0.0,0.0
714,0.0,0.0
715,0.0,0.0
716,0.0,0.0
717,0.0,0.0
718,0.35150051923816955,0.999580260238652
719,0.4114054507977708,0.9260842480613495
720,0.0,0.0
721,0.0,0.0
722,0.0,0.0
723,0.31695930845241793,0.9999678776781986
724,0.0,0.0
725,0.0,0.0
726,0.0,0.0
727,0.21666835306418428,0.5803970159271019
728,0.0,0.0
729,0.4256780346749582,0.9999807020590903
730,0.29712590994877325,0.9999637049941928
731,0.0,0.0
732,0.0,0.0
733,0.0,0.0
734,0.0,0.0
735,0.21003645184467426,0.9999372371806942
736,0.0,0.0
737,0.0,0.0
738,0.0,0.0
739,0.3554752250837268,0.9988321881534994
740,0.17306616343135675,0.7594041278295606
741,0.0,0.0
742,0.0,0.0
743,0.0,0.0
744,0.0,0.0
745,0.0,0.0
746,0.08575395130286202,0.9998616491422246
747,0.0,0.0
748,0.0,0.0
749,0.4428572123641919,0.9909635274904736
750,0.0,0.0
751,0.0,0.0
752,0.0,0.0
753,0.20022658159918907,0.9997022923489134
754,0.0,0.0
755,0.0,0.0
756,0.0,0.0
757,0.1400598362564718,0.32214377935884403
758,0.0,0.0
759,0.0,0.0
760,0.0,0.0
761,0.0,0.0
762,0.12125235942232562,0.9999095022624435
763,0.0,0.0
764,0.0,0.0
765,0.0,0.0
766,0.47453387051438206,0.9975576608693939
767,0.0,0.0
768,0.0,0.0
769,0.31468415615802914,0.9923478795328826
770,0.11742501453279883,0.7503135552339605
771,0.0,0.0
772,0.0,0.0
773,0.30403388312560636,0.8787445735702537
774,0.0,0.0
775,0.0,0.0
776,0.0,0.0
777,0.0,0.0
778,0.1581898153884277,0.988005416908493
779,0.0,0.0
780,0.0,0.0
781,0.481343114726897,0.9858705278984985
782,0.0,0.0
783,0.2690446739349308,0.9256165630814299
784,0.0,0.0
785,0.0,0.0
786,0.0,0.0
787,0.0,0.0
788,0.0,0.0
789,0.0,0.0
790,0.2528936652403152,0.9251561612720045
791,0.0,0.0
792,0.0,0.0
793,0.0,0.0
794,0.0,0.0
795,0.15650377881049618,0.9182886522218142
796,0.23239951528042663,0.5922084690553746
797,0.0,0.0
798,0.40920290207917415,0.9618853584836553
799,0.0,0.0
800,0.0,0.0
801,0.0,0.0
802,0.27315734695808497,0.9999134124166594
803,0.4882241352791204,0.9242742433600988
804,0.0,0.0
805,0.0,0.0
806,0.0,0.0
807,0.0,0.0
808,0.45658519251757657,0.9702630301504828
809,0.0,0.0
810,0.297807150815355,0.5291193341581374
811,0.0,0.0
812,0.0,0.0
813,0.0,0.0
814,0.0,0.0
815,0.0,0.0
816,0.0,0.0
817,0.0,0.0
818,0.0,0.0
819,0.0,0.0
820,0.33308759705592084,0.4839590207833043
821,0.0,0.0
822,0.0,0.0
823,0.0,0.0
824,0.0,0.0
825,0.0,0.0
826,0.0,0.0
827,0.0,0.0
828,0.0,0.0
829,0.2910102067521591,0.9366155660377359
830,0.2912363240650841,0.9480717831233295
831,0.0,0.0
832,0.2617849798895542,0.9971428571428571
833,0.0,0.0
834,0.0,0.0
835,0.0,0.0
836,0.0,0.0
837,0.3667126194037877,0.9709544642626007
838,0.0,0.0
839,0.0,0.0
840,0.0,0.0
841,0.0,0.0
842,0.0,0.0
843,0.0,0.0
844,0.0,0.0
845,0.4071571964737715,0.8560941591014756
846,0.0,0.0
847,0.36408669373682406,0.8286612461000283
848,0.3780556112250194,0.9996195548792087
849,0.0,0.0
850,0.0,0.0
851,0.36099638783516097,0.947209294425383
852,0.21571367726135335,0.9705952808719607
853,0.0,0.0
854,0.0,0.0
855,0.0,0.0
856,0.4631827165310918,0.958958958958959
857,0.0,0.0
858,0.35495039875510603,0.7669252383582699
859,0.0,0.0
860,0.0,0.0
861,0.0,0.0
862,0.0,0.0
863,0.4768440981577223,0.9838306822663336
864,0.0,0.0
865,0.0,0.0
866,0.0,0.0
867,0.0,0.0
868,0.0,0.0
869,0.0,0.0
870,0.0,0.0
871,0.0,0.0
872,0.3090113177663635,0.9663273027447203
873,0.0,0.0
874,0.0,0.0
875,0.0,0.0
876,0.0,0.0
877,0.0,0.0
878,0.0,0.0
879,0.0,0.0
880,0.0,0.0
881,0.03653299023249914,0.9986789960369881
882,0.06724288526470856,0.9605214152700187
883,0.14913960133616205,0.9999229049417933
884,0.0,0.0
885,0.0,0.0
886,0.0,0.0
887,0.0,0.0
888,0.0,0.0
889,0.0,0.0
890,0.024749589628488156,0.9994588744588745
891,0.0,0.0
892,0.0,0.0
893,0.12476843739047715,0.9913616731075244
894,0.16404001413847855,0.9999316005471957
895,0.0,0.0
896,0.0,0.0
897,0.14256592444989216,0.9999080544317764
898,0.0,0.0
899,0.04931167942722732,0.837098313713013
900,0.18330353031236357,0.9999347514028448
901,0.0,0.0
902,0.0,0.0
903,0.0,0.0
904,0.0,0.0
905,0.0,0.0
906,0.2015593285501863,0.9999439021653764
907,0.0,0.0
908,0.0,0.0
909,0.0,0.0
910,0.0,0.0
911,0.06811304491352908,0.9799472295514512
912,0.0,0.0
913,0.11842758496186306,0.9442245412018712
914,0.0,0.0
915,0.0,0.0
916,0.3497250899397111,0.98855747427176
917,0.052135955995838916,0.3287037037037037
918,0.2273806278301228,0.9984233576642336
919,0.18993278910779704,0.9999392540396064
920,0.0,0.0
921,0.2987424598711788,0.9999688890271599
922,0.0,0.0
923,0.0,0.0
924,0.0,0.0
925,0.0,0.0
926,0.0,0.0
927,0.0,0.0
928,0.0,0.0
929,0.0,0.0
930,0.0,0.0
931,0.0,0.0
932,0.0,0.0
933,0.0,0.0
934,0.0,0.0
935,0.0,0.0
936,0.03238897396630934,0.9648722627737226
937,0.0,0.0
938,0.0,0.0
939,0.0,0.0
940,0.0,0.0
941,0.0,0.0
942,0.18165497523188937,0.9999389983529555
943,0.08748680085456793,0.6445543360270173
944,0.0,0.0
945,0.0,0.0
946,0.0,0.0
947,0.0,0.0
948,0.0,0.0
949,0.0,0.0
950,0.007921628240858035,0.05050613827266853
951,0.0,0.0
952,0.0,0.0
953,0.0,0.0
954,0.0,0.0
955,0.0,0.0
956,0.4603234544072877,0.9995343375445416
957,0.13846981233547512,0.9977564756271671
958,0.0,0.0
959,0.0,0.0
960,0.0,0.0
961,0.0,0.0
962,0.06602086601647779,0.9998338594450905
963,0.3713208090109348,0.9969097480892862
964,0.0,0.0
965,0.15260058118754954,0.9999321159459643
966,0.0,0.0
967,0.0,0.0
968,0.0,0.0
969,0.0,0.0
970,0.0,0.0
971,0.0,0.0
972,0.0,0.0
973,0.0,0.0
974,0.0,0.0
975,0.0,0.0
976,0.0,0.0
977,0.05636743215031315,0.8475336322869955
978,0.0,0.0
979,0.0,0.0
980,0.3873261289707924,0.9828153059814891
981,0.0,0.0
982,0.0,0.0
983,0.0,0.0
984,0.0,0.0
985,0.0,0.0
986,0.0,0.0
987,0.0,0.0
988,0.0,0.0
989,0.0,0.0
990,0.0,0.0
991,0.0,0.0
992,0.07218415485174777,0.9998250524842547
993,0.0,0.0
994,0.0,0.0
995,0.0,0.0
996,0.0,0.0
997,0.0,0.0
998,0.0,0.0
999,0.03880519602989368,0.9995951417004049
1000,0.0,0.0
1001,0.042610395038577546,0.9263261296660118
1002,0.0,0.0
1003,0.0,0.0
1004,0.0,0.0
1005,0.22025992349467563,0.9999447818884594
1006,0.0,0.0
1007,0.0,0.0
1008,0.0,0.0
1009,0.24233603597243417,0.9999551830771299
1010,0.3841114039117085,0.9999748244001914
1011,0.13399909015670133,0.9999182004089979
1012,0.0,0.0
1013,0.0,0.0
1014,0.0,0.0
1015,0.0,0.0
1016,0.0,0.0
1017,0.0,0.0
1018,0.0,0.0
1019,0.0,0.0
1020,0.0,0.0
1021,0.1728672726704776,0.9994942927322641
1022,0.0,0.0
1023,0.11057050652844765,0.99694384311728
1024,0.0,0.0
1025,0.0,0.0
1026,0.10973846572283379,0.99895751889497
1027,0.0,0.0
1028,0.0,0.0
1029,0.0,0.0
1030,0.0,0.0
1031,0.016943827967450014,0.6875
1032,0.08082910668738456,0.9996374184191443
1033,0.05526143721921073,0.9994913530010173
1034,0.0,0.0
1035,0.0,0.0
1036,0.0,0.0
1037,0.0,0.0
1038,0.09441322074701565,0.8790023592854735
1039,0.0,0.0
1040,0.04067840786387161,0.5534447821681864
1041,0.0,0.0
1042,0.08862977329936267,0.9998273778698429
1043,0.0,0.0
1044,0.0,0.0
1045,0.0,0.0
1046,0.08410138981649334,0.9986404833836858
1047,0.0,0.0
1048,0.0,0.0
1049,0.09719925241687172,0.9998616874135546
1050,0.0,0.0
1051,0.0,0.0
1052,0.0,0.0
1053,0.0,0.0
1054,0.23852363353433184,0.989360092784025
1055,0.0,0.0
1056,0.0,0.0
1057,0.0,0.0
1058,0.0,0.0
1059,0.0,0.0
1060,0.0,0.0
1061,0.0,0.0
1062,0.0,0.0
1063,0.0,0.0
1064,0.0,0.0
1065,0.0,0.0
1066,0.0,0.0
1067,0.0,0.0
1068,0.0,0.0
1069,0.0,0.0
1070,0.05384182746387471,0.3677600472813239
1071,0.0,0.0
1072,0.0,0.0
1073,0.0,0.0
1074,0.0,0.0
1075,0.0,0.0
1076,0.11719344352998133,0.9999016522423289
1077,0.0,0.0
1078,0.0,0.0
1079,0.0,0.0
1080,0.0,0.0
1081,0.25594276040502123,0.9935029509497595
1082,0.0,0.0
1083,0.0,0.0
1084,0.0,0.0
1085,0.07704735249277539,0.5580092287409361
1086,0.0,0.0
1087,0.0,0.0
1088,0.0897162457125039,0.9762486427795874
1089,0.0,0.0
1090,0.14287313693933246,0.7124712122269523
1091,0.13161286726539256,0.9998941350836332
1092,0.17618338194974772,0.8909781576448244
1093,0.0,0.0
1094,0.0,0.0
1095,0.0,0.0
1096,0.0,0.0
1097,0.13265593334834497,0.9855708908406524
1098,0.0,0.0
1099,0.0,0.0
1100,0.0,0.0
1101,0.0,0.0
1102,0.111207942726362,0.8719029374201788
1103,0.0,0.0
1104,0.0,0.0
1105,0.140762850811077,0.999914675767918
1106,0.07737316416988871,0.9760756676557863
1107,0.0,0.0
1108,0.0,0.0
1109,0.0,0.0
1110,0.0,0.0
1111,0.0,0.0
1112,0.06547881567728088,0.642342082492068
1113,0.0,0.0
1114,0.10266635882151277,0.9998637230853094
1115,0.0,0.0
1116,0.0,0.0
1117,0.0,0.0
1118,0.0,0.0
1119,0.0,0.0
1120,0.061208748478068245,0.9997917534360683
1121,0.0,0.0
1122,0.0,0.0
1123,0.10418642623029546,0.9997695852534563
1124,0.0,0.0
1125,0.0,0.0
1126,0.0,0.0
1127,0.05110282696489593,0.7322734499205087
1128,0.0,0.0
1129,0.17191687951313342,0.9518156424581006
1130,0.0,0.0
1131,0.0,0.0
1132,0.0,0.0
1133,0.0,0.0
1134,0.0,0.0
1135,0.0,0.0
1136,0.0,0.0
1137,0.0,0.0
1138,0.0,0.0
1139,0.07609156422212802,0.9509933774834437
1140,0.0,0.0
1141,0.0,0.0
1142,0.0,0.0
1143,0.0,0.0
1144,0.0,0.0
1145,0.0,0.0
1146,0.0,0.0
1147,0.0,0.0
1148,0.0,0.0
1149,0.21874628036100627,0.9462111575504271
1150,0.21038725522575377,0.9848212277940185
1151,0.0,0.0
1152,0.17317422205722977,0.5048702998987536
1153,0.0,0.0
1154,0.0,0.0
1155,0.0,0.0
1156,0.0,0.0
1157,0.0,0.0
1158,0.5074944361520517,0.974496275701095
1159,0.0,0.0
1160,0.0,0.0
1161,0.0,0.0
1162,0.0,0.0
1163,0.23137520014232343,0.999938491819412
1164,0.0,0.0
1165,0.20450357319430087,0.8919236800836383
1166,0.06843512298252737,0.9997761862130707
1167,0.0,0.0
1168,0.13518873857168195,0.8367265469061876
1169,0.20681395725994586,0.999939682731166
1170,0.20944581984383928,0.999954539255353
1171,0.4516998525936498,0.9999792806232388
1172,0.09782068727186333,0.9997792494481236
1173,0.2845446995472446,0.9909314823107926
1174,0.33265215713734514,0.8519042623270793
1175,0.29521873997218956,0.9626947480317576
1176,0.0,0.0
1177,0.3024241350647935,0.9990996668767443
1178,0.0,0.0
1179,0.0,0.0
1180,0.0,0.0
1181,0.33170919629294005,0.9999736057222794
1182,0.0,0.0
1183,0.0,0.0
1184,0.0,0.0
1185,0.04741442555599807,0.9997053624042428
1186,0.0,0.0
1187,0.0,0.0
1188,0.0,0.0
1189,0.0,0.0
1190,0.21455867275608165,0.9999457023402292
1191,0.0,0.0
1192,0.0,0.0
1193,0.0,0.0
1194,0.04407805877695496,0.969672131147541
1195,0.0,0.0
1196,0.39955157997991453,0.9926195836331144
1197,0.0,0.0
1198,0.13045940439145995,0.9286842323996343
1199,0.0,0.0
1200,0.0,0.0
1201,0.0,0.0
1202,0.0,0.0
1203,0.12095764012632099,0.9999027710257656
1204,0.13182704107413556,0.9998904949627683
1205,0.0,0.0
1206,0.0,0.0
1207,0.29735441243345906,0.9908368096409598
1208,0.46456623732625774,0.9491805338646848
1209,0.07227404044572844,0.9940962761126249
1210,0.0,0.0
1211,0.3137841623029287,0.992315901814301
1212,0.0,0.0
1213,0.0,0.0
1214,0.32669520956221554,0.9786044778436792
1215,0.0,0.0
1216,0.0,0.0
1217,0.14401938096615563,0.9999163179916318
1218,0.0,0.0
1219,0.0,0.0
1220,0.0,0.0
1221,0.0,0.0
1222,0.0,0.0
1223,0.0,0.0
1224,0.12480064526773112,0.7800183318056828
1225,0.1469941250637122,0.9933828861493836
1226,0.12781519082646653,0.9626462646264626
1227,0.12912571886146904,0.9998872604284104
1228,0.0,0.0
1229,0.0,0.0
1230,0.0,0.0
1231,0.0,0.0
1232,0.0,0.0
1233,0.0,0.0
1234,0.0,0.0
1235,0.22657980456026058,0.9862749546279492
1236,0.47353745065017533,0.9995337995337995
1237,0.0,0.0
1238,0.0,0.0
1239,0.0,0.0
1240,0.0,0.0
1241,0.24566861420947467,0.9838938411669368
1242,0.020053178405350636,0.5261216963736939
1243,0.0,0.0
1244,0.14359585873332517,0.9998448048420889
1245,0.0,0.0
1246,0.0,0.0
1247,0.0,0.0
1248,0.41598140781452797,0.9068066677561694
1249,0.17293112619281076,0.9982981871994081
1250,0.0,0.0
1251,0.0,0.0
1252,0.24851538499997222,0.9999552952747105
1253,0.23891827460329285,0.5830697065561252
1254,0.07485288844831586,0.9344391785150079
1255,0.23429561891100353,0.9989240613851293
1256,0.23110882347118564,0.9979483672422637
1257,0.0,0.0
1258,0.0,0.0
1259,0.06410663641520137,0.9998230714791224
1260,0.06041357994059308,0.8738720262510254
1261,0.4526524981880246,0.9911332268501454
1262,0.0,0.0
1263,0.0,0.0
1264,0.0,0.0
1265,0.04295776432136614,0.9979399646851089
1266,0.0,0.0
1267,0.06735253957739053,0.6040984600460774
1268,0.0,0.0
1269,0.3433799525375544,0.9832022626931567
1270,0.0,0.0
1271,0.0,0.0
1272,0.0,0.0
1273,0.0,0.0
1274,0.0,0.0
1275,0.0,0.0
1276,0.0,0.0
1277,0.0,0.0
1278,0.0,0.0
1279,0.0,0.0
1280,0.0,0.0
1281,0.0,0.0
1282,0.062448190107764576,0.8585215605749487
1283,0.07643025892060812,0.9998218738867118
1284,0.0,0.0
1285,0.10226733456366992,0.8981245658717296
1286,0.0,0.0
1287,0.03069229260639341,0.9995437956204379
1288,0.0,0.0
1289,0.0,0.0
1290,0.0,0.0
1291,0.0,0.0
1292,0.1992460473752321,0.9802358412223883
1293,0.0,0.0
1294,0.0,0.0
1295,0.0,0.0
1296,0.12215319529430606,0.9998907581385187
1297,0.0,0.0
1298,0.0,0.0
1299,0.0,0.0
1300,0.0,0.0
1301,0.0,0.0
1302,0.0,0.0
1303,0.0,0.0
1304,0.0,0.0
1305,0.0,0.0
1306,0.0,0.0
1307,0.0,0.0
1308,0.0,0.0
1309,0.0,0.0
1310,0.0,0.0
1311,0.0,0.0
1312,0.06860142712724134,0.9998276753403412
1313,0.17622770583923772,0.9916139675556778
1314,0.13584403664994354,0.9974256076323162
1315,0.24616036661280497,0.9999569577755778
1316,0.1315811477465927,0.8233344959888385
1317,0.04670098500222739,0.9050359712230216
1318,0.0310050912419198,0.9995901639344262
1319,0.0,0.0
1320,0.23986564686993653,0.9999589372972529
1321,0.0,0.0
1322,0.0,0.0
1323,0.09046702025798539,0.9995245453464876
1324,0.0,0.0
1325,0.20090186760685727,0.782632495645683
1326,0.0,0.0
1327,0.22150369465702513,0.9999206726955419
1328,0.0,0.0
1329,0.0,0.0
1330,0.0,0.0
1331,0.0,0.0
1332,0.14735363508666657,0.9999074588191745
1333,0.1600247190143293,0.9189141234918382
1334,0.13258262171285887,0.9646353293941264
1335,0.0,0.0
1336,0.04279902159617489,0.9997128911857595
1337,0.034514159655243175,0.99962852897474
1338,0.0,0.0
1339,0.09802214952429544,0.5546404007811837
1340,0.0,0.0
1341,0.08725763639058437,0.7176418439716312
1342,0.0,0.0
1343,0.0,0.0
1344,0.0,0.0
1345,0.06042838170052841,0.9997662459093034
1346,0.0,0.0
1347,0.1796935518429192,0.999938856618771
1348,0.0,0.0
1349,0.0,0.0
1350,0.11982011358387,0.9998866213151928
1351,0.0,0.0
1352,0.0,0.0
1353,0.0,0.0
1354,0.04774398114372299,0.9997062279670975
1355,0.0,0.0
1356,0.0,0.0
1357,0.0,0.0
1358,0.0,0.0
1359,0.0,0.0
1360,0.0,0.0
1361,0.28579256360078276,0.9999657639768564
1362,0.007230356373142007,0.05173099880620772
1363,0.0,0.0
1364,0.0,0.0
1365,0.0,0.0
1366,0.1184953257348683,0.9998926001503597
1367,0.0,0.0
1368,0.0,0.0
1369,0.0,0.0
1370,0.024338638074716375,0.9994669509594882
1371,0.34283227780747016,0.999972408465083
1372,0.16856691382034764,0.8177851161693596
1373,0.0,0.0
1374,0.0,0.0
1375,0.05804862251624991,0.9986072423398329
1376,0.0,0.0
1377,0.0,0.0
1378,0.0,0.0
1379,0.06919840480126613,0.7785613540197461
1380,0.0,0.0
1381,0.0,0.0
1382,0.0,0.0
1383,0.3409748572844066,0.9805400854811553
1384,0.0,0.0
1385,0.0,0.0
1386,0.0,0.0
1387,0.0,0.0
1388,0.0,0.0
1389,0.0,0.0
1390,0.08006489841986456,0.9998238195912614
1391,0.0,0.0
1392,0.0,0.0
1393,0.26737334625945514,0.9535422963852428
1394,0.1766237944111406,0.9032523411794482
1395,0.030180986200286964,0.9978021978021978
1396,0.11361498951023656,0.9998938879456706
1397,0.0,0.0
1398,0.0,0.0
1399,0.0,0.0
1400,0.0,0.0
1401,0.2824764149685622,0.999886736889795
1402,0.1062690070959825,0.9998995983935743
1403,0.0,0.0
1404,0.0,0.0
1405,0.0,0.0
1406,0.0,0.0
1407,0.0,0.0
1408,0.05466376872315911,0.9997605363984674
1409,0.0,0.0
1410,0.1751485025755475,0.99993564993565
1411,0.0,0.0
1412,0.0,0.0
1413,0.0,0.0
1414,0.22368740853358982,0.9934772622875516
1415,0.0,0.0
1416,0.0,0.0
1417,0.0,0.0
1418,0.0,0.0
1419,0.0,0.0
1420,0.0,0.0
1421,0.0,0.0
1422,0.17581100447300996,0.7187189319698907
1423,0.09310967967588679,0.45196661007357103
1424,0.0,0.0
1425,0.17340218884730185,0.6226960812113651
1426,0.12949145504327628,0.8022349063429536
1427,0.27843718364412623,0.9554929010170174
1428,0.0006688420924623523,0.001972032986733596
1429,0.31257710742803746,0.9400953674171851
1430,0.0,0.0
1431,0.28861069095356096,0.9430073606729759
1432,0.0,0.0
1433,0.12956810631229235,0.6860839208706961
1434,0.0,0.0
1435,0.0,0.0
1436,0.0,0.0
1437,0.2971999576286148,0.6768797748291113
1438,0.0,0.0
1439,0.44846369903821603,0.9992414185473165
1440,0.0,0.0
1441,0.0,0.0
1442,0.2291193323902202,0.9998752806186081
1443,0.5615852724512957,0.9419642161976985
1444,0.0,0.0
1445,0.0,0.0
1446,0.0,0.0
1447,0.0,0.0
1448,0.0,0.0
1449,0.0,0.0
1450,0.0,0.0
1451,0.48776382124241646,0.8027760979931652
1452,0.0,0.0
1453,0.0,0.0
1454,0.0,0.0
1455,0.0,0.0
1456,0.2500129152244666,0.8421281593944403
1457,0.0,0.0
1458,0.16987562059958136,0.6575159022430532
1459,0.0,0.0
1460,0.5834142080745341,0.9867319581988291
1461,0.11974978945171066,0.2920133403545726
1462,0.0,0.0
1463,0.0,0.0
1464,0.22924883318830588,0.9993103448275862
1465,0.0,0.0
1466,0.21969447498702327,0.688098734354241
1467,0.0,0.0
1468,0.18804903255440086,0.8196321321321322
1469,0.0,0.0
1470,0.48630175359964145,0.87164346970336
1471,0.19232014011841528,0.9858495169317849
1472,0.0,0.0
1473,0.1057715527650326,0.9837170129140932
1474,0.22328552017299447,0.9250449029657861
1475,0.0,0.0
1476,0.0,0.0
1477,0.0,0.0
1478,0.0,0.0
1479,0.5020599921483022,0.8118764911889048
1480,0.0,0.0
1481,0.0,0.0
1482,0.0,0.0
1483,0.0,0.0
1484,0.569232621125489,0.9727244677568652
1485,0.0,0.0
1486,0.22256056602928664,0.9414216034474594
1487,0.16903776033619677,0.5491266813892792
1488,0.0,0.0
1489,0.0,0.0
1490,0.07054037105581132,0.8588454376163873
1491,0.0,0.0
1492,0.0,0.0
1493,0.19386922709721863,0.9101843971631206
1494,0.15860517435320584,0.8471604938271605
1495,0.0,0.0
1496,0.0,0.0
1497,0.0,0.0
1498,0.485351615777701,0.9796824814169037
1499,0.0,0.0
1500,0.0,0.0
1501,0.0,0.0
1502,0.1581857219538379,0.9708450008235876
1503,0.0,0.0
1504,0.3678730673461115,0.948830540371001
1505,0.0,0.0
1506,0.0,0.0
1507,0.5969082055645059,0.9340169100256341
1508,0.4365691157852544,0.9647841679989629
1509,0.0,0.0
1510,0.0,0.0
1511,0.3560342480258978,0.7733760942141373
1512,0.0,0.0
1513,0.12255986959335821,0.6326513776604521
1514,0.12609628547885748,0.9009093028678014
1515,0.18688213466277653,0.9437133457302246
1516,0.0,0.0
1517,0.0,0.0
1518,0.0,0.0
1519,0.061086169442433016,0.6798839458413927
1520,0.0,0.0
1521,0.0,0.0
1522,0.0,0.0
1523,0.0324264588271219,0.16766917293233083
1524,0.0,0.0
1525,0.0,0.0
1526,0.3021983842461209,0.8894614198037349
1527,0.3381269107797148,0.7012642543222783
1528,0.0,0.0
1529,0.0,0.0
1530,0.0,0.0
1531,0.44240242516104583,0.8881704069988589
1532,0.0,0.0
1533,0.5890379475306015,0.9288082359099633
1534,0.0,0.0
1535,0.0,0.0
1536,0.24928982291504728,0.90142068683565
1537,0.36749521783626515,0.9038745387453875
1538,0.27480228471001755,0.9750185120230719
1539,0.2932107851936955,0.9708511650023776
1540,0.0,0.0
1541,0.33187207816367137,0.8443956647002332
1542,0.6610055483308126,0.9562745491218344
1543,0.0,0.0
1544,0.0,0.0
1545,0.0,0.0
1546,0.0,0.0
1547,0.5560078068960915,0.9670409377085328
1548,0.15091538007255548,0.9985114617445668
1549,0.0,0.0
1550,0.0,0.0
1551,0.0,0.0
1552,0.0,0.0
1553,0.08228864855560974,0.9998257232485186
1554,0.0,0.0
1555,0.0,0.0
1556,0.0,0.0
1557,0.0,0.0
1558,0.3913474674897536,0.8720880409534764
1559,0.19203042819362315,0.833728970998039
1560,0.0,0.0
1561,0.0,0.0
1562,0.0,0.0
1563,0.0,0.0
1564,0.0,0.0
1565,0.0,0.0
1566,0.16557439553403785,0.9749237546594375
1567,0.0,0.0
1568,0.0,0.0
1569,0.39996015431148463,0.8988521654184305
1570,0.3306211497271238,0.9290079749571439
1571,0.4140440894227172,0.8892204946259
1572,0.0,0.0
1573,0.0,0.0
1574,0.0,0.0
1575,0.0,0.0
1576,0.17141755388054394,0.9999297061717981
1577,0.0,0.0
1578,0.0,0.0
1579,0.12082105207254575,0.8065945754298883
1580,0.0,0.0
1581,0.0,0.0
1582,0.0,0.0
1583,0.0,0.0
1584,0.0,0.0
1585,0.0,0.0
1586,0.0,0.0
1587,0.41533446145029707,0.9874042465682998
1588,0.0,0.0
1589,0.0,0.0
1590,0.0,0.0
1591,0.0,0.0
1592,0.0,0.0
1593,0.0,0.0
1594,0.4552423059255857,0.9071510297482838
1595,0.0,0.0
1596,0.0,0.0
1597,0.5586871984842113,0.9999830855364422
1598,0.0,0.0
1599,0.695329622739563,0.9333838843392983
1600,0.4584163726459893,0.9805898823182669
1601,0.0,0.0
1602,0.0,0.0
1603,0.0,0.0
1604,0.06245260379169666,0.20057960291034652
1605,0.2647886609701057,0.7621237000547345
1606,0.0,0.0
1607,0.0,0.0
1608,0.16232582834675047,0.6613270973399591
1609,0.23344452885028238,0.6762083349278635
1610,0.0,0.0
1611,0.0,0.0
1612,0.0,0.0
1613,0.0,0.0
1614,0.0,0.0
1615,0.0,0.0
1616,0.0,0.0
1617,0.0,0.0
1618,0.2676203631727,0.7108648504114798
1619,0.0,0.0
1620,0.0,0.0
1621,0.2781512605042017,0.8676277850589778
1622,0.0,0.0
1623,0.0,0.0
1624,0.0,0.0
1625,0.6797431001562229,0.9213906137018375
1626,0.0,0.0
1627,0.0,0.0
1628,0.0,0.0
1629,0.0,0.0
1630,0.0,0.0
1631,0.0,0.0
1632,0.0,0.0
1633,0.6068585751177275,0.9876022842451361
1634,0.0,0.0
1635,0.0,0.0
1636,0.0,0.0
1637,0.0,0.0
1638,0.24693370594628164,0.8903950735764555
1639,0.0,0.0
1640,0.0,0.0
1641,0.0,0.0
1642,0.0,0.0
1643,0.0,0.0
1644,0.0,0.0
1645,0.2796010706092276,0.8851714862138534
1646,0.0,0.0
1647,0.0,0.0
1648,0.37983224312672675,0.901034471139266
1649,0.0,0.0
1650,0.0,0.0
1651,0.06727619521499358,0.4023059757004711
1652,0.6007714523548056,0.9579018207649456
1653,0.4673647209797558,0.8480527807775378
1654,0.0,0.0
1655,0.0,0.0
1656,0.0,0.0
1657,0.554220451155446,0.8842964824120603
1658,0.0,0.0
1659,0.0,0.0
1660,0.0,0.0
1661,0.0,0.0
1662,0.11419466396101577,0.9998748748748749
1663,0.0,0.0
1664,0.2896668054064711,0.968682465843742
1665,0.37839357504990206,0.9686225591325625
1666,0.0,0.0
1667,0.2579342221235192,0.7975194197673919
1668,0.0,0.0
1669,0.16298192426495825,0.9999122653097035
1670,0.0,0.0
1671,0.0,0.0
1672,0.0,0.0
1673,0.0,0.0
1674,0.0,0.0
1675,0.0,0.0
1676,0.0,0.0
1677,0.0,0.0
1678,0.0,0.0
1679,0.0,0.0
1680,0.0,0.0
1681,0.0,0.0
1682,0.0,0.0
1683,0.0,0.0
1684,0.0,0.0
1685,0.2673523198456756,0.7847427375677006
1686,0.43572730392003955,0.8964082066702114
1687,0.2528439253753981,0.9997274015919747
1688,0.0,0.0
1689,0.0,0.0
1690,0.0,0.0
1691,0.0,0.0
1692,0.18088998850054014,0.99852526288792
1693,0.0,0.0
1694,0.09652439509032486,0.9329455662862159
1695,0.3918039747435318,0.9881857123117314
1696,0.15959724987789758,0.9398230088495575
1697,0.0,0.0
1698,0.0,0.0
1699,0.0,0.0
1700,0.0,0.0
1701,0.0,0.0
1702,0.42377011084142774,0.7501038740879855
1703,0.3041026522855432,0.9557228578882636
1704,0.0,0.0
1705,0.2922236159384653,0.997096421433689
1706,0.0,0.0
1707,0.0,0.0
1708,0.0,0.0
1709,0.0,0.0
1710,0.0,0.0
1711,0.2559170997076973,0.9470778245192307
1712,0.0,0.0
1713,0.15877159104529293,0.9659698590179874
1714,0.38970882793227773,0.990620896642281
1715,0.0,0.0
1716,0.0,0.0
1717,0.0,0.0
1718,0.0,0.0
1719,0.0,0.0
1720,0.0,0.0
1721,0.0,0.0
1722,0.0,0.0
1723,0.0,0.0
1724,0.0,0.0
1725,0.0,0.0
1726,0.0,0.0
1727,0.0,0.0
1728,0.0,0.0
1729,0.0,0.0
1730,0.6087030390553656,0.8881933684536721
1731,0.0,0.0
1732,0.2862706913339825,0.8274306890885571
1733,0.0,0.0
1734,0.14715298713430428,0.5004621072088724
1735,0.0,0.0
1736,0.27754889912677233,0.8948544299378621
1737,0.0,0.0
1738,0.0,0.0
1739,0.0,0.0
1740,0.0,0.0
1741,0.0,0.0
1742,0.22538686956968793,0.8968903436988543
1743,0.2995605208548841,0.9892753623188406
1744,0.0,0.0
1745,0.0,0.0
1746,0.0,0.0
1747,0.0,0.0
1748,0.36764864062506725,0.9790329972502292
1749,0.0,0.0
1750,0.0,0.0
1751,0.0,0.0
1752,0.25914166912449327,0.9957777777777778
1753,0.0,0.0
1754,0.0,0.0
1755,0.2085722294421935,0.9639618419503003
1756,0.1099369296833065,0.9411257897759908
1757,0.0,0.0
1758,0.0,0.0
1759,0.09559707268574161,0.8158968850698174
1760,0.0,0.0
1761,0.0,0.0
1762,0.0,0.0
1763,0.15373921533253387,0.9611863057324841
1764,0.0,0.0
1765,0.0,0.0
1766,0.0,0.0
1767,0.1494324312229951,0.7829824927052939
1768,0.4365652503949285,0.9863721695598767
1769,0.0,0.0
1770,0.1981429840958539,0.9999381417790424
1771,0.0,0.0
1772,0.0,0.0
1773,0.0,0.0
1774,0.0,0.0
1775,0.0,0.0
1776,0.0,0.0
1777,0.10095443789801331,0.7735458749087369
1778,0.0,0.0
1779,0.14825573987717555,0.6797787817417044
1780,0.17310104890130498,0.9547724354401483
1781,0.0,0.0
1782,0.0,0.0
1783,0.0,0.0
1784,0.0,0.0
1785,0.13288025010194374,0.9999181736355454
1786,0.0,0.0
1787,0.0,0.0
1788,0.4366904960228469,0.915577561556029
1789,0.0,0.0
1790,0.0,0.0
1791,0.0,0.0
1792,0.0,0.0
1793,0.0,0.0
1794,0.0,0.0
1795,0.0,0.0
1796,0.21584746321831497,0.9975606781314794
1797,0.15913698164025247,0.9721864386930554
1798,0.0,0.0
1799,0.0,0.0
1800,0.22471578083316232,0.9687190375088465
1801,0.0,0.0
1802,0.0,0.0
1803,0.06940037314957306,0.3529574733342568
1804,0.0,0.0
1805,0.0,0.0
1806,0.0,0.0
1807,0.22268047598967386,0.9898052482399196
1808,0.0,0.0
1809,0.0,0.0
1810,0.19230654912288003,0.9806596338062326
1811,0.0,0.0
1812,0.0,0.0
1813,0.0,0.0
1814,0.5368126909948516,0.9883300961523027
1815,0.21972428419936374,0.9917038927887684
1816,0.2403113580948479,0.9597297725233547
1817,0.0,0.0
1818,0.0,0.0
1819,0.0,0.0
1820,0.0,0.0
1821,0.0,0.0
1822,0.0,0.0
1823,0.20267405629054502,0.952298091923677
1824,0.09672432560990112,0.9321227080394923
1825,0.21649711542696085,0.9989549465861588
1826,0.5073790397907715,0.9210794050675839
1827,0.0,0.0
1828,0.0,0.0
1829,0.0,0.0
1830,0.2035572767110477,0.9624716553287982
1831,0.0,0.0
1832,0.0,0.0
1833,0.0,0.0
1834,0.0,0.0
1835,0.34700803434722904,0.9692836777284618
1836,0.0,0.0
1837,0.3974745985025825,0.9103636624982032
1838,0.0,0.0
1839,0.0,0.0
1840,0.0,0.0
1841,0.24548894244577366,0.9958966565349544
1842,0.34047884998300226,0.9447244306697211
1843,0.0,0.0
1844,0.2771261350225198,0.9985246897509329
1845,0.0,0.0
1846,0.0,0.0
1847,0.0,0.0
1848,0.17146799636215385,0.9757995431182181
1849,0.0,0.0
1850,0.22215438623268594,0.9361633703167712
1851,0.38736442348376177,0.7716629319737681
1852,0.06028943899628022,0.8484848484848485
1853,0.22317265982892123,0.9876210979547901
1854,0.2248867474606298,0.9999454862625382
1855,0.15281037384728446,0.9998965873836608
1856,0.40034296205516284,0.957131079967024
1857,0.0,0.0
1858,0.0,0.0
1859,0.2142333321022892,0.9984263584952053
1860,0.1378175811273874,0.6766992894489878
1861,0.0,0.0
1862,0.14621180756810467,0.9289772727272727
1863,0.0,0.0
1864,0.06447625096402486,0.5952256308239975
1865,0.0,0.0
1866,0.0,0.0
1867,0.0,0.0
1868,0.0037486653358711295,0.017728744717053626
1869,0.2515906829033737,0.9835628415300547
1870,0.4501472937521068,0.8973704713673549
1871,0.11880053943442695,0.8411738681610382
1872,0.19615625279342094,0.8458217699660808
1873,0.3205389453836598,0.8685008780799319
1874,0.07965893028133691,0.9998092331171309
1875,0.0,0.0
1876,0.0,0.0
1877,0.0,0.0
1878,0.6640028791807422,0.9717846198046352
1879,0.1664184841705741,0.99966716591779
1880,0.0,0.0
1881,0.0,0.0
1882,0.0,0.0
1883,0.0,0.0
1884,0.0,0.0
1885,0.0,0.0
1886,0.2774818540867752,0.8266431155807527
1887,0.0,0.0
1888,0.18968209316585646,0.9999333511063716
1889,0.0,0.0
1890,0.0,0.0
1891,0.0,0.0
1892,0.18712121212121213,0.6755434000287894
1893,0.0,0.0
1894,0.0,0.0
1895,0.0,0.0
1896,0.16898791785638584,0.9997786957804662
1897,0.0,0.0
1898,0.2082696985123593,0.9416191728773929
1899,0.12386867352356493,0.9966222928670773
1900,0.0,0.0
1901,0.0,0.0
1902,0.39148525079389374,0.9819346480495178
1903,0.0,0.0
1904,0.0,0.0
1905,0.0,0.0
1906,0.1639516360373777,0.9999255509231686
1907,0.0,0.0
1908,0.0,0.0
1909,0.0,0.0
1910,0.0,0.0
1911,0.0,0.0
1912,0.18630463762015015,0.9999246874529296
1913,0.39219548756582234,0.8598243063894331
1914,0.39064391796509446,0.8810426653311393
1915,0.225201425529268,0.9877391192707665
1916,0.18346011969448825,0.8912849494348603
1917,0.690298241360129,0.9598203218737296
1918,0.0,0.0
1919,0.0,0.0
1920,0.5502120611660583,0.9239360096589194
1921,0.0388791880388519,0.19846796657381616
1922,0.0,0.0
1923,0.18418268383001235,0.8865218129349856
1924,0.0,0.0
1925,0.0,0.0
1926,0.30310565258972166,0.9723244849189434
1927,0.25506639912649276,0.99995517705065
1928,0.14592421824200508,0.9999189889825016
1929,0.0,0.0
1930,0.2674323437700804,0.9996460355987055
1931,0.0,0.0
1932,0.0,0.0
1933,0.344829294881324,0.8612357290925404
1934,0.3435019604092952,0.9291978166955532
1935,0.26613409673386024,0.9846359944739816
1936,0.0,0.0
1937,0.4350657705898073,0.9204481206156423
1938,0.0,0.0
1939,0.0,0.0
1940,0.0,0.0
1941,0.21299937652870365,0.8383671543180745
1942,0.31878357294954085,0.9999681173282321
1943,0.294019769031159,0.9712416162277114
1944,0.3117878268347676,0.9753060872564235
1945,0.0053046695051301735,0.013841190550525549
1946,0.0,0.0
1947,0.2955041767618487,0.985767744310165
1948,0.18984409451456066,0.7787598461256641
1949,0.0,0.0
1950,0.0,0.0
1951,0.0,0.0
1952,0.0,0.0
1953,0.0,0.0
1954,0.17128752368604766,0.8131139779855604
1955,0.11333954404035788,0.6370282552855167
1956,0.0,0.0
1957,0.19993329818936859,0.9999461931665321
1958,0.3199835963203564,0.9718070652173914
1959,0.0,0.0
1960,0.16662295441930822,0.9999267935578331
1961,0.5373589254324617,0.906170788035825
1962,0.0,0.0
1963,0.0,0.0
1964,0.08301482493574658,0.9859879897054619
1965,0.0,0.0
1966,0.0,0.0
1967,0.0,0.0
1968,0.11248537403002003,0.9998723838693211
1969,0.5644973592337302,0.9178096265474907
1970,0.0,0.0
1971,0.0,0.0
1972,0.0,0.0
1973,0.0,0.0
1974,0.0,0.0
1975,0.4046583501335489,0.9864537857053761
1976,0.5486536219210028,0.9139592406561556
1977,0.10360228007286831,0.5233395176252319
1978,0.22974878351703076,0.9747976172292653
1979,0.32318725250573144,0.9029193023317365
1980,0.0,0.0
1981,0.050641531627741404,0.9134561697375768
1982,0.0,0.0
1983,0.18484841664603543,0.9993915794597226
1984,0.42712714183394246,0.9836533581458298
1985,0.0,0.0
1986,0.22243698247861293,0.9557717823971694
1987,0.29689509271166054,0.7103617686467173
1988,0.09343215215443049,0.5840818141396176
1989,0.0,0.0
1990,0.0,0.0
1991,0.5268271360877383,0.9762347440310734
1992,0.0,0.0
1993,0.0,0.0
1994,0.0,0.0
1995,0.18687028558634375,0.8092276830491475
1996,0.0,0.0
1997,0.5550202541352984,0.9905010975907206
1998,0.0,0.0
1999,0.21996841505721534,0.5243943835827805
2000,0.5039752366518103,0.9764582918574557
2001,0.0,0.0
2002,0.0,0.0
2003,0.24191634980988594,0.9472367794187708
2004,0.19834720563684863,0.9995808383233533
2005,0.29195987956744046,0.9796747967479674
2006,0.00017309069165466834,0.0020896656534954406
2007,0.4933645274494776,0.9814899023672596
2008,0.0,0.0
2009,0.0,0.0
2010,0.22886045094454602,0.9894093471731914
2011,0.0,0.0
2012,0.0,0.0
2013,0.0,0.0
2014,0.0,0.0
2015,0.0,0.0
2016,0.0,0.0
2017,0.0,0.0
2018,0.0,0.0
2019,0.37362454690277747,0.9591285175790047
2020,0.0,0.0
2021,0.23816442743466246,0.9181484483005197
2022,0.47267763149259023,0.9022047770168699
2023,0.06069736592761039,0.9996878901373284
2024,0.0,0.0
2025,0.25266363692252397,0.9977590199447225
2026,0.44394790196057615,0.7952803818288996
2027,0.21063142828612322,0.8018652744690558
2028,0.0,0.0
2029,0.12996622889305817,0.9864433811802232
2030,0.18705988277453475,0.9999362529483011
2031,0.17391205981832786,0.8251395448690425
2032,0.0,0.0
2033,0.0,0.0
2034,0.0,0.0
2035,0.0,0.0
2036,0.14602844528588832,0.4957589168115484
2037,0.008475490422695822,0.06014873140857393
2038,0.34775398881767355,0.9345334076050309
2039,0.2212100107836089,0.9445990023023791
2040,0.0,0.0
2041,0.07325429209330972,0.9987753673897831
2042,0.04021467986998262,0.9160926737633062
2043,0.4580326014468897,0.9318529204664503
2044,0.14177669050775926,0.8281880658885131
2045,0.21529811409160127,0.9745493107104984
2046,0.4512396904053591,0.9900835654596101
2047,0.0,0.0
2048,0.0,0.0
2049,0.0,0.0
2050,0.14334770990577095,0.8998013683513573
2051,0.13511408181726806,0.5928988863160216
2052,0.0,0.0
2053,0.0,0.0
2054,0.0,0.0
2055,0.2961382998569741,0.9154907916490446
2056,0.0,0.0
2057,0.1147189404770863,0.99989068648885
2058,0.0,0.0
2059,0.0,0.0
2060,0.0,0.0
2061,0.15626223453370267,0.9999054641709207
2062,0.32026312139644547,0.7800593586371642
2063,0.11723125578816726,0.9219183511692429
2064,0.3111037347737309,0.7306293111594065
2065,0.48695621299674235,0.8861250201905992
2066,0.22305677829163648,0.3984393661915758
2067,0.0,0.0
2068,0.22277837490095165,0.9005454776100469
2069,0.22763977758529158,0.6473322474275952
2070,0.0,0.0
2071,0.0,0.0
2072,0.26324812647572116,0.9994932959151855
2073,0.0,0.0
2074,0.5160409926437364,0.9996498722033542
2075,0.19266936589932904,0.7402499053388868
2076,0.0,0.0
2077,0.0,0.0
2078,0.0,0.0
2079,0.10518431937722349,0.41705286839145106
2080,0.0,0.0
2081,0.11253874612538746,0.5825192469431325
2082,0.3385527584119796,0.9431988508618536
2083,0.0,0.0
2084,0.0,0.0
2085,0.17213221939702142,0.9548641895704038
2086,0.11663299291816934,0.7212178065836602
2087,0.1486862375898665,0.6649124485695149
2088,0.0,0.0
2089,0.0,0.0
2090,0.23597001750475022,0.7654452802717787
2091,0.5069259875638573,0.9993797234872599
2092,0.0,0.0
2093,0.0,0.0
2094,0.08039807949940504,0.3939492783168882
2095,0.1808111570533228,0.6072551141340753
2096,0.0,0.0
2097,0.16167994000214278,0.3532349177616179
2098,0.0,0.0
2099,0.1295350514401778,0.6573797430534807
2100,0.20672595318409487,0.6368292887731968
2101,0.0,0.0
2102,0.0,0.0
2103,0.3065872851191521,0.927027027027027
2104,0.09669133710230507,0.9998630887185104
2105,0.0,0.0
2106,0.5166121942973064,0.994273691516821
2107,0.0,0.0
2108,0.0,0.0
2109,0.548531351854726,0.8358140566107457
2110,0.45675887050300484,0.9803644395361678
2111,0.0,0.0
2112,0.0,0.0
2113,0.1266099062076017,0.4765393724097099
2114,0.0,0.0
2115,0.4211404074199126,0.9461211355016664
2116,0.36146920016536827,0.8456939001105417
2117,0.0,0.0
2118,0.1815448917837389,0.5752663463547106
2119,0.3782392776523702,0.9116430903155603
2120,0.0,0.0
2121,0.0,0.0
2122,0.4368815314898733,0.9837940174176448
2123,0.0,0.0
2124,0.0,0.0
2125,0.0,0.0
2126,0.0,0.0
2127,0.16991123078706985,0.6924652139669204
2128,0.0,0.0
2129,0.22340629432284279,0.669915858200377
2130,0.0,0.0
2131,0.18240082178626857,0.4205431844510233
2132,0.05127142525610848,0.4145556895858464
2133,0.24138509499112298,0.6893013972055888
2134,0.0,0.0
2135,0.0,0.0
2136,0.16414386156584257,0.43207013312305764
2137,0.0,0.0
2138,0.0,0.0
2139,0.6278008904459529,0.9340014984852268
2140,0.0,0.0
2141,0.05165196654630327,0.7313218390804598
2142,0.0,0.0
2143,0.0,0.0
2144,0.36253764357860513,0.8504579412959895
2145,0.1426425191906659,0.6159705635530308
2146,0.07430731371756413,0.8909863945578231
2147,0.0,0.0
2148,0.26602796794745664,0.9848781713137402
2149,0.0,0.0
2150,0.0,0.0
2151,0.25993329121577097,0.9929932008096746
2152,0.15025679327948502,0.9598622725036892
2153,0.09378613062441693,0.7822559191274275
2154,0.0,0.0
2155,0.24316335572194828,0.9706247637561424
2156,0.0,0.0
2157,0.5470309755806636,0.8673179257095158
2158,0.0,0.0
2159,0.2322484890433343,0.7921919875383342
2160,0.3022128646470692,0.8242581472628695
2161,0.0,0.0
2162,0.0976745991692224,0.8116129032258065
2163,0.6482508081666419,0.990206582055931
2164,0.0,0.0
2165,0.0,0.0
2166,0.1000699074153012,0.5526365348399247
2167,0.28065141923626713,0.9997090380069104
2168,0.0,0.0
2169,0.19963822663640654,0.8735558723759894
2170,0.2781175661663183,0.9946456193233649
2171,0.0,0.0
2172,0.0,0.0
2173,0.0,0.0
2174,0.0,0.0
2175,0.3876557947555843,0.6936946722424374
2176,0.06811346150650559,0.6907650825749916
2177,0.0,0.0
2178,0.0,0.0
2179,0.0,0.0
2180,0.0,0.0
2181,0.0,0.0
2182,0.3074362056311361,0.899088561918686
2183,0.0,0.0
2184,0.1799668113153159,0.9929504814305364
2185,0.0,0.0
2186,0.3246455856943606,0.7485540115679075
2187,0.29390578675743934,0.6804626922588026
2188,0.0,0.0
2189,0.07488088315700858,0.752092050209205
2190,0.0,0.0
2191,0.21874872686285426,0.7790298399187503
2192,0.0,0.0
2193,0.0,0.0
2194,0.01959381762538142,0.05797567379306649
2195,0.0,0.0
2196,0.1864737029985721,0.8890228336406184
2197,0.0,0.0
2198,0.2759909898247158,0.47828349904878137
2199,0.3868658843892382,0.7787706749195549
2200,0.49115262781429886,0.9698024379991593
2201,0.3099618865637296,0.8719979191352851
2202,0.06659467510705641,0.35902995262185816
2203,0.2526463298821022,0.7886555077546004
2204,0.11027818187216103,0.8762679877329559
2205,0.2613638852986922,0.9199984578015962
2206,0.22994859607883655,0.4664477591085339
2207,0.0,0.0
2208,0.5250583494634914,0.9917234194432119
2209,0.20250518419978872,0.9571994715984148
2210,0.0,0.0
2211,0.5492739320456789,0.8344337602103367
2212,0.5969915584262326,0.9243766064489408
2213,0.1989329433822944,0.8609022556390977
2214,0.0,0.0
2215,0.0,0.0
2216,0.0,0.0
2217,0.0,0.0
2218,0.0,0.0
2219,0.2324966813279582,0.4476666116987444
2220,0.0,0.0
2221,0.0,0.0
2222,0.0,0.0
2223,0.37511459103732014,0.7698082341179678
2224,0.0,0.0
2225,0.006810829218457347,0.04350051177072672
2226,0.0,0.0
2227,0.2962082820358653,0.9530199281481254
2228,0.15889243048537147,0.770530945648759
2229,0.25817703117792007,0.9067056545619789
2230,0.10335019313138467,0.5558333333333333
2231,0.0,0.0
2232,0.4599952891191986,0.9590274817930804
2233,0.38645519698062,0.9999725674155763
2234,0.0,0.0
2235,0.0,0.0
2236,0.0,0.0
2237,0.0,0.0
2238,0.0,0.0
2239,0.0,0.0
2240,0.03469261613071937,0.13328056502679006
2241,0.0,0.0
2242,0.0,0.0
2243,0.0,0.0
2244,0.0,0.0
2245,0.4289096897710778,0.9553168635875403
2246,0.5269074678897467,0.9567142468950305
2247,0.0,0.0
2248,0.0,0.0
2249,0.0,0.0
2250,0.3519077658150657,0.8220055056443525
2251,0.5079448687560355,0.8824477820062168
2252,0.15574429299415835,0.9980883602378929
2253,0.6412203652638163,0.9952958551560983
2254,0.42533277971814476,0.6595364338736555
2255,0.0,0.0
2256,0.0,0.0
2257,0.0,0.0
2258,0.2666436621885652,0.7270253776127753
2259,0.0,0.0
2260,0.058682266869581,0.14337369947126044
2261,0.22608826717836045,0.971067177929386
2262,0.0,0.0
2263,0.2571008334695212,0.948854041013269
2264,0.0,0.0
2265,0.0,0.0
2266,0.0,0.0
2267,0.21447401897894777,0.5040199470791777
2268,0.3183151159690749,0.707175291201439
2269,0.0,0.0
2270,0.28923794958092575,0.995583717357911
2271,0.0,0.0
2272,0.0,0.0
2273,0.35903044808914697,0.9953767914932964
2274,0.0,0.0
2275,0.0,0.0
2276,0.0,0.0
2277,0.0,0.0
2278,0.0,0.0
2279,0.33116139238588216,0.9305446741833293
2280,0.0,0.0
2281,0.4707042399709378,0.7883803000538915
2282,0.0,0.0
2283,0.0,0.0
2284,0.0,0.0
2285,0.16452547481782798,0.9253559377828985
2286,0.0,0.0
2287,0.0,0.0
2288,0.0,0.0
2289,0.39315577435443577,0.9425363568050215
2290,0.2724981799854399,0.7123668704022252
2291,0.21539071558596826,0.9535613596467897
2292,0.12951434119988173,0.8253208392748014
2293,0.0,0.0
2294,7.78785872824267e-05,0.000449842555105713
2295,0.5765038795070744,0.9963871578449159
2296,0.0,0.0
2297,0.17260133845278317,0.6440513950862857
2298,0.12685160247778077,0.34890409168155473
2299,0.4060798323895362,0.8494408037541604
2300,0.12686807066334732,0.3986000845586508
2301,0.30709806416431884,0.7096396747772344
2302,0.0,0.0
2303,0.15169513234006302,0.6464584920030465
2304,0.15584302262167055,0.6129821099146252
2305,0.0,0.0
2306,0.22456909544296166,0.9777608093920015
2307,0.25245726576071836,0.6740963855421687
2308,0.4098384621007236,0.8227784416074461
2309,0.23004725910432744,0.5134584133550008
2310,0.2825506749188753,0.6848375787285532
2311,0.0,0.0
2312,0.0,0.0
2313,0.28473861296640385,0.9138193752564028
2314,0.0,0.0
2315,0.0,0.0
2316,0.0,0.0
2317,0.2976141340840628,0.7564588356872202
2318,0.0,0.0
2319,0.05555846057310186,0.8887494772061899
2320,0.2859931195036447,0.9651517939282429
2321,0.0,0.0
2322,0.0,0.0
2323,0.0,0.0
2324,0.2963583972973644,0.9281546600280068
2325,0.0,0.0
2326,0.0,0.0
2327,0.05266479840440304,0.30757888528457683
2328,0.0,0.0
2329,0.31921626589354407,0.7578502234352038
2330,0.2895190463473257,0.9844388492178149
2331,0.0,0.0
2332,0.516786280430701,0.9864146073490173
2333,0.0,0.0
2334,0.0,0.0
2335,0.0,0.0
2336,0.09320983403346877,0.6607273614840127
2337,0.0,0.0
2338,0.3023729277514499,0.7492581183054009
2339,0.28429957726296895,0.9619379550709134
2340,0.16367817173505214,0.4375137548338416
2341,0.0123492182503804,0.08177570093457943
2342,0.4001387606330221,0.9255249417987026
2343,0.0,0.0
2344,0.06841100809684596,0.26286557320142323
2345,0.2748518119922156,0.7135825346729594
2346,0.0,0.0
2347,0.07191674662336704,0.5849441709689038
2348,0.27199621843168675,0.9139580831364041
2349,0.06221733100162817,0.5679097289115178
2350,0.0,0.0
2351,0.15930938747180287,0.4603620317906032
2352,0.3067351515589959,0.9493650641333206
2353,0.0,0.0
2354,0.39453811937519395,0.9818810376109449
2355,0.0,0.0
2356,0.0,0.0
2357,0.0,0.0
2358,0.0,0.0
2359,0.23289936329943933,0.564579045980895
2360,0.0,0.0
2361,0.0,0.0
2362,0.0,0.0
2363,0.14719047199286966,0.9999334619735178
2364,0.3869860334102735,0.9573664981006074
2365,0.04719936945915489,0.9928747602082763
2366,0.47303459597494985,0.9908886058587244
2367,0.0,0.0
2368,0.006284857571214393,0.036368684064408664
2369,0.0,0.0
2370,0.0,0.0
2371,0.0,0.0
2372,0.0,0.0
2373,0.0,0.0
2374,0.0,0.0
2375,0.20152559448611132,0.9999471011426153
2376,0.402434359241871,0.8572396130971278
2377,0.0,0.0
2378,0.0,0.0
2379,0.0,0.0
2380,0.0,0.0
2381,0.0,0.0
2382,0.5379401932499885,0.9488078314810029
2383,0.0,0.0
2384,0.0,0.0
2385,0.0,0.0
2386,0.0,0.0
2387,0.0,0.0
2388,0.39051584987046106,0.7108524962552056
2389,0.1325034804684301,0.4604730584366304
2390,0.0,0.0
2391,0.38583277193059956,0.9932054015636105
2392,0.5845609490992345,0.9222826285255592
2393,0.0,0.0
2394,0.0,0.0
2395,0.0,0.0
2396,0.15896751865604383,0.9992748368382887
2397,0.0,0.0
2398,0.0,0.0
2399,0.0,0.0
2400,0.1387289207964259,0.9795769511305616
2401,0.0,0.0
2402,0.0,0.0
2403,0.0,0.0
2404,0.0,0.0
2405,0.0,0.0
2406,0.0,0.0
2407,0.0,0.0
2408,0.0,0.0
2409,0.3443810534695502,0.792094919557628
2410,0.0,0.0
2411,0.33523848578824617,0.999969419895416
2412,0.0,0.0
2413,0.46752612024038104,0.9999360013653043
2414,0.24033388531597796,0.9999599423169364
2415,0.15235332832439297,0.9999235474006116
2416,0.13559385678344787,0.7858541893362351
2417,0.2215860793039652,0.9573341974508534
2418,0.0,0.0
2419,0.4743511660346962,0.997933371910391
2420,0.0,0.0
2421,0.0,0.0
2422,0.0,0.0
2423,0.20854949283174404,0.9165968586387434
2424,0.0,0.0
2425,0.0,0.0
2426,0.0,0.0
2427,0.0,0.0
2428,0.194965483578551,0.8129088530309638
2429,0.35424126781321275,0.980153192545043
2430,0.5289318243595994,0.9938547848363979
2431,0.0,0.0
2432,0.5757219619093564,0.984086881765707
2433,0.0,0.0
2434,0.47534816407192215,0.9882114893991378
2435,0.0,0.0
2436,0.14619028355930214,0.999910746162085
2437,0.5288756969235089,0.9918756676245355
2438,0.4632821264829816,0.99213015512675
2439,0.0,0.0
2440,0.0,0.0
2441,0.0,0.0
2442,0.0,0.0
2443,0.39019791790004826,0.9319541430094194
2444,0.15815955383123181,0.9999233481526905
2445,0.46636374365632005,0.992029121948158
2446,0.0,0.0
2447,0.0,0.0
2448,0.0,0.0
2449,0.0,0.0
2450,0.0,0.0
2451,0.0,0.0
2452,0.0,0.0
2453,0.0,0.0
2454,0.0,0.0
2455,0.0,0.0
2456,0.0,0.0
2457,0.0,0.0
2458,0.4802832453407125,0.9899563238302342
2459,0.0,0.0
2460,0.0,0.0
2461,0.3117043688067558,0.7447870357091639
2462,0.0,0.0
2463,0.23307053357736168,0.991554863440345
2464,0.6008783141861859,0.9674894641782059
2465,0.44617737163756366,0.8660016726842502
2466,0.0,0.0
2467,0.0,0.0
2468,0.3892301017714611,0.9999731421051218
2469,0.0,0.0
2470,0.0,0.0
2471,0.0,0.0
2472,0.0,0.0
2473,0.17284636706810433,0.8233471074380165
2474,0.0,0.0
2475,0.0,0.0
2476,0.1670138013044575,0.9999137038315499
2477,0.0,0.0
2478,0.0,0.0
2479,0.1917808219178082,0.6937089428928385
2480,0.0,0.0
2481,0.0,0.0
2482,0.0,0.0
2483,0.0,0.0
2484,0.0,0.0
2485,0.4998617215454851,0.9077591135973792
2486,0.0,0.0
2487,0.2506823135382511,0.8507592190889371
2488,0.0,0.0
2489,0.0,0.0
2490,0.0,0.0
2491,0.0,0.0
2492,0.41399298729200024,0.940748416810593
2493,0.3418633486090704,0.6948817586321749
2494,0.3881310512211687,0.7330270850733802
2495,0.0,0.0
2496,0.14442678071495899,0.9998052201012856
2497,0.0,0.0
2498,0.5635706174649067,0.923728813559322
2499,0.0581582377062208,0.2633578995854445
2500,0.0,0.0
2501,0.0,0.0
2502,0.4183008808530366,0.9374529208550871
2503,0.0,0.0
2504,0.25013488608135903,0.9999572886857728
2505,0.0,0.0
2506,0.0,0.0
2507,0.0,0.0
2508,0.09792575319197938,0.9998530276308054
2509,0.0,0.0
2510,0.0,0.0
2511,0.0,0.0
2512,0.1507813804657577,0.9999285510145756
2513,0.0,0.0
2514,0.056936572517109194,0.8933579335793358
2515,0.0,0.0
2516,0.0,0.0
2517,0.08005773928492116,0.9932649624980866
2518,0.0,0.0
2519,0.0,0.0
2520,0.0,0.0
2521,0.0,0.0
2522,0.0,0.0
2523,0.0,0.0
2524,0.0,0.0
2525,0.0,0.0
2526,0.0,0.0
2527,0.0,0.0
2528,0.0,0.0
2529,0.0,0.0
2530,0.0,0.0
2531,0.14428589703334146,0.8744713842683959
2532,0.0,0.0
2533,0.0,0.0
2534,0.1660066890394334,0.9999313611092044
2535,0.0,0.0
2536,0.0,0.0
2537,0.10238143931647238,0.9998890368397692
2538,0.3717916123483369,0.9999709023190851
2539,0.2956387996815614,0.995332385224082
2540,0.0,0.0
2541,0.0,0.0
2542,0.0,0.0
2543,0.0,0.0
2544,0.0,0.0
2545,0.20351279798722294,0.9995890571797581
2546,0.09050114399586685,0.9998369210697978
2547,0.0,0.0
2548,0.07380812059927418,0.9340529931305201
2549,0.0,0.0
2550,0.0,0.0
2551,0.0,0.0
2552,0.0,0.0
2553,0.0,0.0
2554,0.0,0.0
2555,0.08431950124403008,0.9998643516006511
2556,0.0,0.0
2557,0.0,0.0
2558,0.0,0.0
2559,0.0,0.0
2560,0.0,0.0
2561,0.2681186631618475,0.9657234383342231
2562,0.0,0.0
2563,0.0,0.0
2564,0.0,0.0
2565,0.0,0.0
2566,0.13798718143143343,0.9555604687154543
2567,0.0,0.0
2568,0.13896402716201808,0.9999192376029721
2569,0.0,0.0
2570,0.05513731170721011,0.9997590361445783
2571,0.0,0.0
2572,0.09232973574311691,0.9998738488709474
2573,0.0,0.0
2574,0.0035177773390527127,0.06805555555555555
2575,0.029890302215832734,0.819396847155586
2576,0.0,0.0
2577,0.012538220766767383,0.14183381088825214
2578,0.09992738132984218,0.9997953336062219
2579,0.0,0.0
2580,0.0,0.0
2581,0.0,0.0
2582,0.0,0.0
2583,0.2601376616571796,0.9999633793532794
2584,0.0,0.0
2585,0.0,0.0
2586,0.0,0.0
2587,0.0,0.0
2588,0.0,0.0
2589,0.03415933667517892,0.35670781893004117
2590,0.0,0.0
2591,0.0,0.0
2592,0.0,0.0
2593,0.18794215344045034,0.9259598567502291
2594,0.0,0.0
2595,0.0,0.0
2596,0.0,0.0
2597,0.0,0.0
2598,0.02519879681420617,0.9736842105263158
2599,0.0,0.0
2600,0.0,0.0
2601,0.0,0.0
2602,0.16574040268819384,0.9106240713224368
2603,0.0,0.0
2604,0.0,0.0
2605,0.0,0.0
2606,0.0,0.0
2607,0.09651324965132496,0.9998073588903872
2608,0.0,0.0
2609,0.0,0.0
2610,0.0,0.0
2611,0.0,0.0
2612,0.0,0.0
2613,0.08155473310025015,0.9994621728217999
2614,0.0,0.0
2615,0.0,0.0
2616,0.0,0.0
2617,0.0,0.0
2618,0.0,0.0
2619,0.0,0.0
2620,0.0,0.0
2621,0.0,0.0
2622,0.0,0.0
2623,0.0,0.0
2624,0.0,0.0
2625,0.0,0.0
2626,0.0,0.0
2627,0.0,0.0
2628,0.0,0.0
2629,0.38067700777811336,0.9999739888151905
2630,0.0,0.0
2631,0.0,0.0
2632,0.1100578007352159,0.9998926116838488
2633,0.14700433226071574,0.9824055110780116
2634,0.0,0.0
2635,0.0,0.0
2636,0.05745307261619101,0.8870204939569102
2637,0.0,0.0
2638,0.08970334674388789,0.9998357424441524
2639,0.0,0.0
2640,0.0,0.0
2641,0.1279433215253178,0.9978331527627302
2642,0.08028771198194148,0.9997617913292044
2643,0.0,0.0
2644,0.0,0.0
2645,0.0,0.0
2646,0.0,0.0
2647,0.03725401114272734,0.8449023861171366
2648,0.0,0.0
2649,0.0918198246213036,0.9998186434530286
2650,0.0,0.0
2651,0.0,0.0
2652,0.0,0.0
2653,0.0,0.0
2654,0.0,0.0
2655,0.026951404855617474,0.9713483146067415
2656,0.0,0.0
2657,0.041531187936095046,0.7866178428761651
2658,0.0,0.0
2659,0.0,0.0
2660,0.0,0.0
2661,0.0,0.0
2662,0.0,0.0
2663,0.0,0.0
2664,0.0,0.0
2665,0.1075312496373069,0.9998920785668034
2666,0.0,0.0
2667,0.14836642483115545,0.99990869247626
2668,0.1124421844925163,0.8991913251240581
2669,0.11102936721569713,0.9962721342031687
2670,0.0,0.0
2671,0.0,0.0
2672,0.0,0.0
2673,0.0,0.0
2674,0.0,0.0
2675,0.0,0.0
2676,0.0,0.0
2677,0.0,0.0
2678,0.0,0.0
2679,0.0,0.0
2680,0.0,0.0
2681,0.15740205709002658,0.999902114330462
2682,0.0,0.0
2683,0.0,0.0
2684,0.0,0.0
2685,0.0,0.0
2686,0.06051143650536975,0.671867261020307
2687,0.0,0.0
2688,0.0,0.0
2689,0.0,0.0
2690,0.0,0.0
2691,0.0,0.0
2692,0.0,0.0
2693,0.07460009363148122,0.9998589960518894
2694,0.0,0.0
2695,0.0,0.0
2696,0.0,0.0
2697,0.0,0.0
2698,0.0,0.0
2699,0.0,0.0
2700,0.0,0.0
2701,0.0,0.0
2702,0.0,0.0
2703,0.0,0.0
2704,0.14954892435808467,0.9999337133766406
2705,0.06117880675151187,0.9997050147492625
2706,0.0,0.0
2707,0.13984858329331337,0.6722569255839218
2708,0.0,0.0
2709,0.0,0.0
2710,0.13996938893733268,0.9999128768078063
2711,0.0,0.0
2712,0.0,0.0
2713,0.0,0.0
2714,0.264950976555366,0.9968588032040208
2715,0.08163516917061486,0.9997842968075927
2716,0.0,0.0
2717,0.0,0.0
2718,0.0,0.0
2719,0.0,0.0
2720,0.0,0.0
2721,0.06332153852049614,0.9997983057684551
2722,0.058923027191195375,0.9695695200395844
2723,0.0,0.0
2724,0.09279650041730221,0.9996279761904762
2725,0.0,0.0
2726,0.10499005694980007,0.9998642411077926
2727,0.0,0.0
2728,0.10044703245172178,0.9842211562736682
2729,0.054787246595709535,0.9997846683893196
2730,0.0,0.0
2731,0.0,0.0
2732,0.0,0.0
2733,0.0,0.0
2734,0.0,0.0
2735,0.0,0.0
2736,0.0,0.0
2737,0.0,0.0
2738,0.0,0.0
2739,0.0,0.0
2740,0.0,0.0
2741,0.07406436798821958,0.9355296343001261
2742,0.08255399061032864,0.9998180494905385
2743,0.0,0.0
2744,0.36456469397888347,0.9999743029680072
2745,0.0,0.0
2746,0.0,0.0
2747,0.05555871014959085,0.9997729336966394
2748,0.043412356757412236,0.8196908986834573
2749,0.0,0.0
2750,0.0,0.0
2751,0.006765022055825333,0.186414708886619
2752,0.0,0.0
2753,0.0,0.0
2754,0.0,0.0
2755,0.0,0.0
2756,0.0,0.0
2757,0.059991816436372795,0.9997901804448175
2758,0.12587520379427894,0.9809647015339124
2759,0.0,0.0
2760,0.0,0.0
2761,0.0,0.0
2762,0.0,0.0
2763,0.4550042998842858,0.9854507157623746
2764,0.0,0.0
2765,0.42320142519723714,0.9999788998375287
2766,0.20347927759958287,0.9835038949137009
2767,0.31315818645383,0.9977337610736675
2768,0.0,0.0
2769,0.3771899503338367,0.9999758844382279
2770,0.0,0.0
2771,0.04402940488869263,0.9691252144082333
2772,0.0,0.0
2773,0.0,0.0
2774,0.0,0.0
2775,0.0,0.0
2776,0.0,0.0
2777,0.13462310705776317,0.9998674443266172
2778,0.17136099763491722,0.9999339672477549
2779,0.0,0.0
2780,0.0,0.0
2781,0.0,0.0
2782,0.0,0.0
2783,0.0,0.0
2784,0.0,0.0
2785,0.0823830324142329,0.9998335552596538
2786,0.0,0.0
2787,0.0,0.0
2788,0.0,0.0
2789,0.0,0.0
2790,0.3622126313990257,0.9999705075648097
2791,0.0,0.0
2792,0.0,0.0
2793,0.0,0.0
2794,0.0,0.0
2795,0.0,0.0
2796,0.06007447874331298,0.9997902684563759
2797,0.3680074955814399,0.999976855066426
2798,0.0,0.0
2799,0.030926929639666766,0.9995944849959448
2800,0.04341658736286427,0.9997243660418964
2801,0.11917406705929229,0.9999084081333578
2802,0.0,0.0
2803,0.0,0.0
2804,0.0,0.0
2805,0.0,0.0
2806,0.0,0.0
2807,0.0,0.0
2808,0.14822749806930569,0.9998879677347076
2809,0.0,0.0
2810,0.0,0.0
2811,0.0,0.0
2812,0.26070815041038364,0.9999633940991288
2813,0.10684680431552784,0.9998700623700624
2814,0.06974473235407383,0.9835143522110162
2815,0.0,0.0
2816,0.012979388815950985,0.18269230769230768
2817,0.1064008001000125,0.7528527200353826
2818,0.18499103324596497,0.9874815905743741
2819,0.0,0.0
2820,0.0,0.0
2821,0.0,0.0
2822,0.0,0.0
2823,0.12802203262304623,0.997676734152008
2824,0.0,0.0
2825,0.0,0.0
2826,0.0,0.0
2827,0.19319207213664494,0.9998012850235146
2828,0.0,0.0
2829,0.0,0.0
2830,0.0,0.0
2831,0.0,0.0
2832,0.0,0.0
2833,0.0,0.0
2834,0.019847167800147128,0.5737847222222222
2835,0.09693627031162573,0.9998822143698469
2836,0.06416735773184584,0.9848703170028819
2837,0.2383564841834948,0.9999574178163856
2838,0.0,0.0
2839,0.21279641150482373,0.9962536935415788
2840,0.1333915078436428,0.9956331877729258
2841,0.10541568945252752,0.9998981877418042
2842,0.17678865471286373,0.8303361164632841
2843,0.0,0.0
2844,0.0,0.0
2845,0.0,0.0
2846,0.06576718933592642,0.7154442877291961
2847,0.0,0.0
2848,0.0,0.0
2849,0.2518009543911168,0.9960522733460386
2850,0.0,0.0
2851,0.0,0.0
2852,0.0,0.0
2853,0.30969221946090614,0.9999675124264968
2854,0.2847114618244464,0.9999652258580519
2855,0.18685492940147444,0.999933132731528
2856,0.0,0.0
2857,0.0,0.0
2858,0.0,0.0
2859,0.23345959955569479,0.9999390057944495
2860,0.0,0.0
2861,0.09591842189671763,0.964909922022049
2862,0.0,0.0
2863,0.1833399878739482,0.7210235533585344
2864,0.2338062565414583,0.9992048108940907
2865,0.0,0.0
2866,0.07514218165582158,0.9998052201012856
2867,0.0,0.0
2868,0.0,0.0
2869,0.0,0.0
2870,0.0,0.0
2871,0.0,0.0
2872,0.0,0.0
2873,0.0,0.0
2874,0.0,0.0
2875,0.0,0.0
2876,0.0,0.0
2877,0.0,0.0
2878,0.0,0.0
2879,0.0,0.0
2880,0.0,0.0
2881,0.05496374131659817,0.8414662619659118
2882,0.3071372549019608,0.9999635209572101
2883,0.11070076386582531,0.9998800095992321
2884,0.16435980926842544,0.8703357710991299
2885,0.0,0.0
2886,0.0,0.0
2887,0.0,0.0
2888,0.16712937987658058,0.9711009174311926
2889,0.11405875712437016,0.9998793145063963
2890,0.10076810385994447,0.9793895531780994
2891,0.0,0.0
2892,0.0,0.0
2893,0.13366754673821257,0.9999200383815768
2894,0.35714856661917727,0.9914375962617799
2895,0.0,0.0
2896,0.0,0.0
2897,0.17267647887231688,0.9999241389773934
2898,0.0,0.0
2899,0.08787090551149974,0.8338835534213686
2900,0.0,0.0
2901,0.3099508633231766,0.9720050962432423
2902,0.1494386426631576,0.9999063319595354
2903,0.0,0.0
2904,0.0,0.0
2905,0.4435139932404503,0.9346190895861942
2906,0.0,0.0
2907,0.0,0.0
2908,0.0,0.0
2909,0.0,0.0
2910,0.11330301986773583,0.9998759612999256
2911,0.23028333128909603,0.999955616705872
2912,0.1709312585224994,0.9999413455334624
2913,0.03835187216042613,0.25786516853932584
2914,0.0,0.0
2915,0.0,0.0
2916,0.0,0.0
2917,0.24790868368503427,0.9999455782312925
2918,0.17028772753963595,0.9999303427138478
2919,0.13650453403944562,0.9999230295566502
2920,0.0,0.0
2921,0.09290032663822381,0.9893499308437068
2922,0.0,0.0
2923,0.0,0.0
2924,0.0,0.0
2925,0.0841467479287687,0.9998585572842998
2926,0.13522644144443705,0.9999016522423289
2927,0.0,0.0
2928,0.23359997653735326,0.9923378807699496
2929,0.0,0.0
2930,0.0,0.0
2931,0.0,0.0
2932,0.271408530147665,0.9818448176633705
2933,0.0,0.0
2934,0.0,0.0
2935,0.038171029491769884,0.8976495090746801
2936,0.2265353688986249,0.999954172586041
2937,0.0,0.0
2938,0.0,0.0
2939,0.0,0.0
2940,0.0,0.0
2941,0.0,0.0
2942,0.0,0.0
2943,0.0,0.0
2944,0.0,0.0
2945,0.0,0.0
2946,0.0,0.0
2947,0.0,0.0
2948,0.0,0.0
2949,0.0,0.0
2950,0.06673424963261586,0.9953117674636662
2951,0.0,0.0
2952,0.0,0.0
2953,0.0,0.0
2954,0.0,0.0
2955,0.36918005372442925,0.9999739678242308
2956,0.0,0.0
2957,0.0,0.0
2958,0.3218894875328906,0.9849773440223074
2959,0.0,0.0
2960,0.0,0.0
2961,0.0,0.0
2962,0.0,0.0
2963,0.12721195089483806,0.995647342100389
2964,0.0,0.0
2965,0.45648595308904716,0.9993031636370876
2966,0.0,0.0
2967,0.0,0.0
2968,0.0,0.0
2969,0.08700438974127345,0.9477244772447725
2970,0.0,0.0
2971,0.16026723946827295,0.9999046165585654
2972,0.0968420464154187,0.9998556998556999
2973,0.0,0.0
2974,0.09988233009265077,0.9912698412698413
2975,0.1226280834914611,0.9999159098553649
2976,0.0,0.0
2977,0.0,0.0
2978,0.25117787221498933,0.9998044430538173
2979,0.08666886405177839,0.9195066124109867
2980,0.15364420475161453,0.9999194068343005
2981,0.0,0.0
2982,0.1129321316329446,0.9998850178222376
2983,0.0,0.0
2984,0.0,0.0
2985,0.0,0.0
2986,0.0,0.0
2987,0.0,0.0
2988,0.0,0.0
2989,0.0,0.0
2990,0.1682802919708029,0.9789387866023507
2991,0.0,0.0
2992,0.09599927693886906,0.9918623265741728
2993,0.3318570467864348,0.9658325178246889
